-0.026361823,-0.44188142,4
-0.91706574,0.6975577,4
-0.08319092,0.14926457,1
0.48154604,0.15781105,4
0.5909265,-0.12545788,4
-0.35493135,-0.54124737,4
-0.116506934,-0.5268848,4
0.05074811,-0.3389008,1
-0.036767483,0.17935824,1
0.74820876,0.76386976,2
-0.9766245,0.75175846,3
0.27966738,-0.81399035,4
-0.31130064,0.20545352,1
0.8855425,-0.27857447,4
0.27267587,0.8267431,4
-0.5302578,-0.46451318,2
0.09547722,-0.22835398,1
-0.029491305,0.15139091,1
0.8904102,0.6026994,2
0.6514462,-0.82640207,3
-0.17964602,-0.44929338,1
0.88189816,0.80022514,2
0.8106234,-0.6963494,3
-0.7315557,-0.10564089,4
0.23555195,-0.65984,4
0.855446,-0.47345138,3
0.43129742,-0.32278943,4
0.4139011,-0.15173984,1
0.32690656,-0.9485358,4
-0.7078589,0.04280722,4
0.8117634,-0.6799065,3
-0.19781983,-0.61729026,4
-0.13970768,0.4252584,1
-0.52302384,0.14338648,4
0.9430144,0.51934826,2
0.58529127,-0.6849513,3
-0.47172606,-0.425902,2
-0.5153835,-0.83420134,2
-0.15232527,-0.13673365,1
0.78479946,-0.12828612,4
-0.42439544,-0.17203093,1
0.93460953,-0.16986275,4
0.4479661,-0.4756149,3
0.29750943,0.81529033,4
0.3342116,-0.040824056,1
-0.28880775,-0.9619671,4
-0.80596673,-0.07643139,4
0.90684605,-0.9429859,3
0.67326677,-0.8920796,3
0.9631053,0.9846933,2
-0.2515912,-0.46332872,4
0.7199906,0.22398996,4
-0.05082953,-0.9971826,4
-0.95250595,-0.31116176,4
0.04590106,-0.7895628,4
0.15076017,-0.28008902,1
-0.6711407,-0.77476704,2
0.19810653,-0.7382245,4
-0.14376044,-0.46257532,1
-0.35404778,-0.61887157,4
0.9066098,0.12495017,4
-0.08053076,0.7485961,4
-0.27238345,-0.15496135,1
-0.55681336,-0.92404246,2
-0.26797438,-0.15171695,1
0.9921826,-0.1446966,4
0.6347648,-0.8559302,3
0.85467625,0.80733156,2
-0.54849935,0.04813385,4
0.79532015,0.34323287,4
-0.35888052,0.13913918,1
-0.033893585,-0.065713525,1
0.8172128,0.9371418,2
0.904268,0.1876738,4
-0.14961839,-0.97249174,4
0.76393104,-0.0030363798,4
-0.23953676,-0.8827362,4
-0.18088746,-0.033730388,1
-0.5983746,-0.5770216,2
0.06764746,0.8773246,4
0.32749915,-0.76211834,4
-0.3485024,-0.5866436,4
0.38093853,-0.82402694,4
0.22452295,0.3117789,1
0.647182,-0.86539745,3
0.7971306,-0.95849955,3
0.5021417,-0.8240051,3
-0.72992575,-0.6556221,2
-0.30393445,0.28583395,4
-0.5840448,0.4274205,4
-0.93613076,-0.806121,2
-0.41564155,0.51584077,3
-0.75355625,0.7662337,3
-0.9796835,-0.23367095,4
-0.07160592,0.44276345,1
0.36659217,-0.6360978,4
-0.330678,-0.5837281,4
-0.06013131,-0.959692,4
-0.40898108,0.5213543,3
0.36228776,0.19749653,1
-0.29664874,0.6951672,4
-0.08410251,0.39024067,1
-0.5866885,0.6825198,3
0.030246258,0.7280954,4
-0.2773459,-0.88111603,4
-0.1786995,-0.3616284,1
-0.03158462,-0.40510392,4
-0.9776094,-0.28322387,4
0.1149652,0.75297034,4
0.46856928,-0.6651552,3
-0.5247034,0.80416524,3
-0.27266562,0.63978314,4
0.13420653,0.8477918,4
-0.16160405,0.99540067,4
0.35806,-0.4581343,4
-0.5727422,0.8966582,3
-0.120170355,-0.74406314,4
-0.26363122,-0.49862587,4
-0.9729146,-0.8203398,2
0.034394383,0.2853918,1
0.08407462,-0.88823926,4
0.9837704,-0.06643915,4
-0.3948543,0.011299133,1
0.5742104,0.44422722,2
0.20654285,0.70344806,4
0.60863817,-0.26152194,4
-0.82792294,-0.092772245,4
0.7019656,-0.600865,3
0.33572698,0.31963706,1
-0.81837034,0.2528733,4
0.42793596,0.1907785,1
-0.818709,0.042822838,4
0.8157346,-0.13467884,4
0.2132442,0.75760555,4
-0.17740321,-0.48819196,4
-0.010033727,-0.3176347,1
0.93343675,0.44394195,2
0.3887354,-0.24343121,1
0.1088655,0.9438716,4
0.59024966,-0.8011409,3
-0.15948343,0.09157872,1
-0.922516,-0.21478009,4
-0.020371199,-0.37628305,1
-0.08133042,0.9283724,4
0.91395175,0.090937495,4
-0.05365956,-0.70465255,4
-0.42574513,0.3249166,4
0.29164124,-0.74292636,4
-0.41132534,-0.57778466,2
-0.71812415,-0.069452524,4
0.9061364,0.9674803,2
-0.86410093,-0.12326419,4
0.2825848,-0.9716253,4
0.653738,0.53678584,2
0.9863552,0.48769093,2
0.15253723,-0.48446035,4
0.17557597,-0.24382162,1
-0.5817057,0.62450933,3
0.006163478,0.22132814,1
0.09520888,-0.8173293,4
0.44336295,0.62252223,2
-0.92491937,-0.36317158,4
0.39527035,-0.7982291,4
0.14025116,-0.9231441,4
0.06996441,-0.04208088,1
-0.826319,0.549943,3
-0.010508299,-0.0261482,1
0.17145073,0.43562996,1
-0.10017645,-0.02603364,1
-0.93035626,0.14851022,4
-0.39036822,-0.17484605,1
-0.014139891,0.96450555,4
-0.68447495,-0.66348803,2
0.8078221,0.23517025,4
0.85670304,-0.8921598,3
-0.79072726,0.8977574,4
-0.6425011,-0.18293941,4
-0.5482781,0.34875727,4
0.24372685,-0.3460188,1
-0.18079627,0.1134541,1
-0.40070271,-0.5735204,2
0.6784538,-0.077575326,4
-0.6179218,0.4823277,4
0.80673563,0.5566132,2
0.3610872,-0.53920233,4
-0.9601371,-0.30268574,4
0.8851135,0.07996297,4
0.33242583,0.111634254,1
-0.56627715,-0.5688956,2
-0.7107817,-0.5503987,2
0.101836085,0.76240325,4
-0.6196288,0.19791973,4
0.2887571,0.19926596,1
-0.8538412,0.36255312,4
-0.49942207,0.933375,3
-0.50798213,-0.97595656,2
0.50231445,0.05814314,4
-0.9042357,0.6982467,3
-0.66719663,-0.3376571,4
-0.2603495,0.5029073,4
-0.09701276,-0.2922597,1
0.7848321,0.65712047,2
-0.44037485,-0.22573757,1
0.2197138,0.27375925,1
0.6896391,-0.21549308,4
-0.4974563,-0.33733988,4
-0.54832673,0.72114754,3
0.5179664,0.661165,2
-0.2782024,-0.03414786,1
-0.45463502,-0.17791891,1
-0.09648621,0.71674776,4
-0.19952404,0.38425374,1
0.47450626,0.8306067,2
0.117631316,0.38442886,1
0.5575994,-0.9794222,3
-0.63611877,0.66372883,3
0.22617841,0.21217155,4
-0.8210578,-0.11857748,4
-0.87581766,0.63111174,3
-0.9487984,-0.5950322,2
0.2109617,-0.69329584,4
0.40514994,0.8736758,2
0.72094154,0.98430157,2
0.2905252,0.3024727,1
0.35898066,0.334926,1
-0.51201165,0.25948536,4
-0.85876477,-0.7344246,2
-0.50332785,0.047184467,4
0.3548845,-0.88724685,4
0.3846581,-0.29725206,4
0.28856242,-0.43722463,4
0.012674928,-0.049312115,1
0.8974793,0.94146967,2
-0.91290176,0.5120888,3
-0.22350967,-0.035517216,1
-0.05034423,-0.050183177,1
0.91469264,0.22985029,4
0.9741162,-0.7899703,3
0.17115235,0.7120061,4
0.47018313,-0.563926,3
0.09627938,0.1245085,1
-0.9803251,-0.1321764,4
0.42441344,-0.76815593,3
-0.020033479,0.07480669,1
0.31286228,-0.9644393,4
-0.04218316,-0.8089831,4
0.6806346,0.11534858,4
-0.9569335,-0.25881636,4
0.49918485,-0.34402037,4
-0.9318968,-0.6908126,4
0.40309787,0.3989693,4
0.7826725,0.9994056,2
-0.5593287,-0.7929779,2
0.38292873,-0.41925895,4
0.31578374,0.57601213,4
0.20770574,-0.122302175,1
0.008102536,0.9898671,4
0.8863071,0.6439409,2
0.2442708,-0.8978145,4
-0.08146453,-0.17230952,1
-0.028220177,0.6448709,4
0.4480698,-0.05391383,1
0.9117693,0.4239663,2
0.5652468,0.079734445,4
-0.82598984,0.04313612,4
0.81204844,-0.5747322,4
0.042140245,0.16139579,1
-0.69984174,-0.41375792,2
0.9709623,0.6576762,2
-0.35540915,-0.39150572,4
0.7744112,-0.36555016,4
-0.70756423,0.44771945,3
0.23946667,-0.7506498,4
0.38234508,0.67502,4
0.02972138,0.7725066,4
-0.36479723,0.2989949,1
0.49251306,0.39070666,4
-0.9539844,0.9070072,3
0.8125144,-0.8536974,3
0.12176049,-0.65181947,4
-0.28590035,-0.15756893,1
0.17890155,0.14753962,1
0.7876116,-0.3134868,4
-0.68656516,0.45384157,3
-0.791456,0.16449773,4
0.2133516,-0.51145256,4
0.26172817,0.09685707,1
0.95191216,0.23615062,4
-0.796046,0.72841036,3
0.6714573,-0.65775394,3
-0.08599067,0.24529839,1
-0.5627583,-0.72134125,2
-0.8593972,0.007824063,4
-0.80625296,-0.42320633,2
0.36095178,-0.64386,4
-0.8787807,-0.8843049,2
0.842543,0.6409131,2
0.20547807,-0.36861694,1
0.59610295,0.7789688,2
-0.6543412,0.13699293,4
0.28873765,0.22632778,1
-0.46275997,0.9229566,3
0.2973895,-0.15334702,1
0.24585056,-0.4095924,4
-0.014106154,-0.44849753,1
-0.80337095,-0.28497648,4
-0.6782193,0.94181335,3
0.5698334,-0.566272,3
-0.6396581,-0.6578127,2
-0.8588921,-0.4187802,2
-0.1210686,0.67601204,4
0.33122015,0.37954402,4
0.8358321,-0.48109233,3
0.94798326,-0.85136926,3
0.9569434,-0.9262612,4
-0.31675804,-0.31136787,1
-0.10318792,-0.8281417,4
0.053591967,0.7785562,4
-0.27738023,-0.91175306,4
0.6091713,-0.7132045,3
0.3452059,0.3115462,1
-0.70306337,0.9091817,3
-0.41247177,-0.37870014,4
-0.027129054,-0.10924077,1
-0.12074244,-0.8219454,4
0.1285379,0.9630914,4
0.26553595,-0.34442663,1
0.23515522,-0.09247148,1
0.13569903,-0.77435684,4
-0.47268534,-0.12594318,1
0.8866818,-0.9627907,3
0.25795972,0.8892602,4
-0.63479674,0.5387801,3
0.6197585,-0.3828689,4
-0.39048016,-0.014032841,1
-0.40123796,0.8466451,4
-0.7766588,-0.45336056,2
-0.35182703,-0.3173927,1
0.31634533,-0.60052264,4
0.5207945,0.4062357,2
0.86642754,0.6203613,2
0.43869054,-0.38957107,4
-0.8962842,0.5128857,3
0.55760026,-0.10694873,4
0.09877026,0.06447315,1
0.24430871,-0.26648772,1
-0.79115224,-0.74890506,2
0.28943574,-0.7251588,4
-0.9762143,0.72307324,3
-0.12881815,-0.2537806,4
0.6490128,0.661999,4
-0.6013354,-0.5419586,2
-0.85124016,0.95370924,4
0.6445141,-0.9582585,3
-0.30207312,0.85844445,4
0.9251472,-0.28906715,4
-0.3319341,0.08708882,1
0.059013963,0.7169982,4
0.9760289,0.8558047,2
-0.23703015,0.6337416,4
-0.4675237,-0.83262074,2
-0.8678769,0.33714294,4
-0.42007267,0.22138166,1
-0.88230956,-0.18087947,4
-0.42336679,-0.7968738,2
-0.5009732,-0.061018825,4
-0.39663625,-0.57948005,4
0.13837063,-0.5359204,4
0.44038177,-0.7312099,3
-0.66158736,0.13237798,4
-0.51524484,0.74020386,3
-0.020462751,0.11417282,4
-0.8561826,-0.53369427,2
-0.8025193,-0.32637167,4
0.8254256,-0.49934113,3
-0.1678729,0.44457686,1
-0.8343456,-0.66155493,2
-0.18706071,0.5211277,4
-0.77750754,-0.5455189,2
0.15543985,-0.39370143,1
0.7787051,0.14337134,4
-0.06044388,0.47157383,1
-0.090786695,-0.43478286,1
0.57891667,0.87858796,2
-0.39255023,0.24361503,1
-0.94409335,0.18820119,4
-0.1545924,0.2159934,1
0.3266964,0.95390284,4
0.12719715,-0.50742996,4
0.3936547,0.2887522,1
-0.3029852,0.005404353,1
0.1216346,-0.48355997,1
0.7022798,0.14598691,4
0.02617371,-0.47862482,1
0.82642174,-0.9572147,3
0.38983297,0.32999957,4
-0.814101,0.6821252,3
-0.53256404,0.6264684,3
0.017060518,-0.32262266,1
-0.7785368,-0.10974705,4
0.8442396,0.6482072,2
0.30453098,-0.18949902,1
-0.19607627,-0.77638984,4
-0.57268155,-0.021463037,4
0.033613086,0.8973789,4
0.4672824,0.73660886,2
0.69674826,0.034445643,4
0.6103345,0.9310483,2
-0.39323485,0.4430288,4
0.6953864,-0.697384,3
-0.42085123,-0.49819267,2
0.36331606,-0.045529485,1
-0.7480968,-0.2916801,4
0.18515956,-0.6898534,4
-0.44686592,0.7217349,3
-0.60695267,0.8160858,3
0.018057704,0.7291609,4
0.091018796,-0.64749885,4
-0.5238298,-0.13508463,4
-0.089630604,0.24649835,4
0.13940942,0.3883537,4
-0.9534042,0.13154435,4
-0.4970373,-0.8276913,2
-0.662055,0.5431911,3
-0.73073494,-0.0041894913,4
-0.098927855,0.06632745,1
-0.21412337,0.10109663,1
0.063308716,-0.6260501,4
0.5452893,-0.5681865,3
0.90077686,-0.06638515,4
-0.110411644,-0.15273309,1
0.3641956,-0.5348325,4
-0.9510385,0.053297877,4
-0.7340201,0.68174005,3
0.81413877,0.35570705,4
-0.015446186,0.6293981,4
0.5553678,-0.988152,3
0.9185151,-0.87315154,3
0.2667147,0.30335367,1
-0.6596383,-0.058784127,4
0.69942224,0.40001452,2
0.6265235,-0.53907084,3
0.040695548,0.43111694,1
0.6503829,0.4061427,2
0.36028183,0.5519674,4
-0.6138835,-0.7958267,2
0.2089622,-0.749879,4
-0.94691527,0.3736087,4
-0.92035866,0.16638756,4
0.01274538,-0.90605915,4
0.06911838,-0.47985065,4
-0.90937424,0.5047909,3
0.41810417,0.9536655,2
-0.05706179,0.43656516,1
0.23684728,0.17471576,1
0.88634956,-0.8033016,3
0.39699423,-0.035598993,1
-0.35604727,0.5176867,4
0.40954196,0.44827247,2
0.4546286,-0.0442605,1
-0.50535846,0.32917774,4
-0.99231005,-0.023122668,4
0.64883804,0.9658654,2
-0.6290623,0.8716644,3
-0.6660991,-0.003382206,4
0.09756327,0.6518078,4
-0.31532514,0.32194352,1
0.47423303,-0.27555847,4
-0.6772022,-0.667423,2
0.7733047,-0.32128525,4
0.9457264,-0.74033904,3
-0.67968524,0.6142341,3
-0.45220304,-0.2584635,4
-0.5919403,-0.1642394,4
-0.41406524,0.7402718,3
0.16989684,-0.3160838,1
-0.53189933,-0.6359521,2
-0.7775377,0.81412876,3
0.6126387,0.95824707,2
0.7633425,-0.556062,4
-0.93782616,0.43250453,3
0.99833596,0.7221869,2
-0.16962111,-0.57556915,4
0.85898006,-0.55595696,3
0.5206926,0.04132104,4
-0.87437844,-0.56163657,2
0.29158187,-0.46145606,4
-0.6841575,-0.8077096,2
0.19340372,0.38530624,1
-0.67576635,0.039838552,4
0.4804287,-0.7459836,3
0.6756054,-0.9802458,3
-0.04521227,-0.61110914,4
-0.0693208,-0.5981654,4
0.8324994,0.37164688,4
0.00218153,0.34361446,1
0.47251415,-0.99507284,3
-0.47091687,-0.014970899,1
0.28721833,0.2718134,1
-0.10060167,-0.0996778,1
0.9048042,-0.8102211,3
-0.16186178,-0.05101955,1
0.35339475,-0.6854435,4
0.8446895,0.006055355,4
0.52303624,0.014894605,4
-0.74142337,-0.9662124,2
-0.79527986,-0.77180016,2
-0.5842041,-0.15048492,4
-0.2969216,0.87624776,4
0.17793787,-0.52942944,4
0.27015197,0.31441784,1
0.7828585,0.9216596,2
-0.95450294,0.102977276,4
-0.922678,0.6875919,3
-0.104367375,-0.31632018,1
0.5935118,-0.27853048,4
-0.69272494,0.20500898,4
0.46385896,0.2905177,4
0.2742641,0.681453,4
0.66591763,-0.77677953,3
-0.06391466,-0.23507571,1
0.656935,-0.92623484,3
0.9113436,-0.4271922,3
-0.23487115,-0.28028846,1
0.7163112,-0.23088944,4
0.1986872,-0.6298131,4
-0.55824006,-0.959705,2
0.18151116,0.6319215,4
0.13146937,0.6533091,4
-0.9284519,0.41731787,3
-0.72289395,0.45502532,3
0.3346846,-0.14316702,1
-0.8681905,-0.8571706,2
0.6380793,0.5026511,2
0.049193263,-0.23955846,1
-0.36014283,-0.036363244,1
-0.9763,0.20143902,4
-0.85987234,-0.81577504,2
0.44989777,-0.56229556,3
0.31150568,0.8899075,4
-0.032194614,-0.86246395,4
0.29334712,0.9462944,4
0.25264132,0.89506435,4
-0.47310376,-0.82692575,2
-0.77141416,-0.30732274,4
-0.20399296,-0.8331722,4
-0.95974076,0.95395136,3
0.7824373,-0.28818893,4
-0.15536737,-0.7343639,4
-0.036865473,-0.48837984,1
-0.44676614,0.32342708,4
0.67158604,0.7137792,2
0.11787963,0.283419,1
0.94255865,0.9402559,2
0.3007357,-0.78750706,4
-0.5149971,-0.92881167,2
-0.5763835,0.06633961,4
0.53123355,-0.1329323,4
0.9278158,0.8956772,2
-0.25836444,-0.2716614,1
-0.1599319,0.7633513,4
0.16994429,-0.035534978,1
0.1823746,-0.7907659,4
-0.7680774,-0.42611587,2
0.3474046,0.44114327,4
-0.34745264,0.26910448,1
-0.35407877,-0.08020496,1
0.5886136,0.5069592,2
0.55651057,-0.9504833,3
0.06139934,0.13969195,1
0.74705994,0.69983804,2
-0.5371916,0.18623817,4
-0.3535291,0.57855546,4
-0.22852421,-0.95119715,4
-0.87568426,-0.6910007,2
-0.29249108,-0.23608077,1
-0.6908736,0.5610939,3
0.6085186,-0.15617037,4
-0.10270655,-0.5200515,4
0.6617434,-0.08427954,4
-0.24446845,-0.5832652,4
-0.32323682,0.0015728474,4
0.6879442,0.12392163,4
-0.24254441,-0.41977954,4
-0.6872188,0.70969796,3
-0.5164684,-0.61157036,2
-0.25364316,-0.2955613,1
-0.22015452,-0.013040662,1
0.75431204,-0.10064995,4
0.9941157,-0.6713315,3
0.8111961,-0.90261936,3
0.7094835,0.34709585,4
-0.47002125,-0.23461068,4
-0.41743088,0.4257394,3
0.5006237,-0.20066452,4
0.1398046,0.6612958,4
-0.39469028,-0.47588682,4
-0.34734118,-0.031455874,1
0.30598104,-0.97939944,4
-0.25621092,0.7188586,4
0.13741493,0.32148063,1
0.35743546,-0.8776088,4
0.46211088,0.7798364,4
-0.42522657,-0.13442516,1
-0.9930991,-0.13492191,4
0.43357372,0.033085465,4
-0.99681675,-0.40176547,2
0.5131656,-0.55509675,3
-0.06659365,0.48161054,1
0.99442255,-0.11394596,4
-0.3168062,-0.51490104,4
-0.23311567,9.6166134E-4,1
0.0133395195,0.8689338,4
0.21901381,-0.37180328,1
0.74164414,0.54557097,4
-0.17912734,0.9994986,4
0.8621576,-0.26954734,4
-0.5227885,-0.910429,2
0.91673326,0.37524927,4
-0.09894884,0.6951493,4
-0.20609593,-0.21783209,1
0.5066718,0.5901755,2
0.9338983,0.3048122,4
-0.86963797,-0.83565795,2
0.64528334,-0.77518725,3
-0.0130729675,0.5828024,4
0.8036915,0.10832298,4
0.8376119,0.84140325,2
0.81164753,0.5601119,2
0.14013088,0.60876393,4
0.6204673,-0.20166385,4
-0.3690778,0.14267051,1
-0.9870416,-0.045238137,4
-0.054075956,0.8156012,4
0.7266449,-0.8753834,3
0.03275168,-0.9645343,4
0.2979095,-0.45947802,4
-0.97260106,0.83471286,3
0.7545934,-0.8846381,3
0.82744074,-0.60494673,3
0.21651697,0.8748404,4
-0.6970985,-0.8839519,2
0.43142474,-0.08680785,1
0.39854145,-0.5235795,4
-0.8180449,-0.9665096,2
0.87979364,0.38415313,4
0.4768746,-0.055540323,1
-0.19587302,0.18581903,1
0.38127947,0.693262,4
0.38545382,0.07627773,4
0.38045013,0.52004445,4
0.19481587,0.5401975,4
-0.39419472,0.2861228,1
-0.29939306,0.15401971,4
-0.65566206,-0.0821408,4
-0.5688243,0.8153976,3
0.8228365,-0.4675659,3
0.8121879,0.09393263,4
0.8501421,0.17970729,4
-0.116993785,-0.435526,1
-0.18747187,-0.9754448,4
0.887748,0.052225947,4
-0.12893105,0.82452655,4
0.83999574,-0.31231403,4
-0.29802704,0.13700366,1
0.5600461,0.90047944,2
-0.97886217,-0.2881633,4
-0.35256886,-0.098689795,1
0.54196227,0.45753026,4
-0.6131748,0.123241425,4
-0.6824074,0.87749577,3
0.48676527,0.72287464,2
0.33286858,0.7060276,4
-0.67650676,-0.6216681,2
-0.26614964,0.52158034,4
0.0024445057,0.9989289,4
0.10104942,0.24488592,1
0.34089637,-0.88582253,4
0.43377614,-0.11304355,1
-0.9442811,0.17500103,4
-0.9138359,0.7637577,3
-0.21925712,-0.87307835,4
-0.8067504,0.6773015,3
-0.4457755,-0.8333657,2
-0.0033464432,-0.5090424,4
0.13038063,-0.22156167,1
-0.1848911,-0.70588565,4
0.32271016,-0.3501792,1
-0.8570638,-0.2410804,4
0.29820848,-0.9164345,4
-0.29443383,0.61149824,4
0.5738816,-0.24306166,4
-0.57305264,-0.68297064,2
-0.41860938,0.6534506,3
-0.3252164,0.56185794,4
0.90623486,-0.9575789,3
0.35757554,-0.70474184,4
0.9578872,0.038179755,4
-0.48405004,0.5005188,4
0.5639558,0.7665423,4
-0.9768474,-0.0013856888,4
0.4430108,-0.8240671,3
0.16409099,-0.60322154,4
0.57724047,-0.7746769,4
0.17701817,0.046509385,1
-0.41660607,-0.898406,4
0.98994076,0.32594216,4
0.4632566,-0.6870991,4
0.016620755,-0.97751653,4
0.99381196,0.8126255,2
0.89120984,-0.3068906,4
-0.5193114,-0.38334715,4
-0.059268475,-0.5031477,4
-0.3311156,-0.90457904,4
0.74293923,0.005258441,4
-0.4645996,0.08567119,4
0.47694468,-0.27499723,4
0.8351579,-0.61365044,3
-0.006442189,-0.05733812,1
-0.7590233,0.24428594,4
0.9503083,0.67328334,2
-0.21888459,0.42714405,1
0.8706933,0.80174947,2
-0.6757188,0.7024312,3
-0.575003,-0.5825207,2
0.56362617,0.96671903,2
-0.988556,0.14585519,4
-0.52003205,-0.40430152,2
-0.55051947,0.99924576,3
0.10841191,-0.7027185,4
-0.8298576,0.4832337,3
0.33510673,0.9156258,4
0.4704901,-0.9141427,3
-0.9128692,-0.4282161,2
-0.109156966,0.98744845,4
-0.22948527,0.40458906,1
-0.90519035,0.29924035,4
0.37132227,0.056197524,1
0.16379166,-0.60339236,4
-0.6874802,0.8227811,3
-0.84313977,-0.12875223,4
-0.14090085,-0.50866723,4
0.71069014,-0.79339516,3
-0.51999176,-0.42584026,2
-0.37572813,-0.17797041,1
0.28826094,-0.8136736,4
-0.1478846,0.75988066,4
0.13771832,-0.37539852,1
0.4169773,0.5944114,2
-0.74767745,0.29453957,4
-0.8148298,-0.30557323,4
0.3276204,-0.32672596,1
-0.75459707,-0.074557304,4
-0.79454863,-0.26871777,4
-0.58268225,0.045664907,4
-0.5456257,-0.9443526,2
0.45138788,-0.41853964,3
-0.32113647,0.5240885,4
-0.36594236,-0.1068784,1
0.78554976,-0.13445914,4
-0.23337531,0.77867687,4
-0.64599955,0.026530981,4
0.58810484,-0.66015136,3
-0.841454,0.37986267,4
0.93650174,0.9796821,2
0.88467145,0.7058699,2
-0.055760145,-0.4505298,1
-0.30127764,-0.25730443,1
-0.31517386,0.088380694,1
-0.5120528,-0.6929985,4
0.048955083,-0.9935528,4
-0.14933419,0.79830635,4
0.75333226,0.6215286,2
-0.89267933,-0.38221455,4
0.063130856,0.7912886,4
0.6790371,0.3324839,4
-0.6807729,0.44269753,3
0.38564968,-0.8247814,4
0.13869703,0.8743899,4
0.24807894,0.2590158,1
-0.6018901,-0.6985419,2
-0.5174475,-0.23683798,4
0.7697686,-0.1509136,4
0.94939005,0.53757715,2
-0.35399723,0.39283788,4
0.8628838,0.009241462,4
0.13203585,0.48426843,4
-0.60550284,0.98900926,3
0.89428544,0.07445264,4
0.22006857,0.6837201,4
0.8619591,0.53614104,2
0.36934793,0.43587828,4
0.74010324,-0.14536369,4
0.5495473,-0.8271042,3
0.6339973,0.6928371,2
-0.7218778,-0.41398644,2
-0.6288549,0.86668,3
-0.3587129,0.12400067,1
0.47791374,0.82872736,4
0.36848497,-0.7660929,4
0.6701555,-0.18705451,4
-0.27712274,-0.6385082,4
-0.9589155,-0.86967874,2
-0.8169135,-0.7874205,2
-0.492535,0.30790508,4
-0.8184594,-0.8763958,2
0.038402796,-0.44575083,1
0.44503784,-0.7862222,3
-0.68071616,0.6496043,3
0.96860325,0.5744189,2
0.6342733,-0.35964525,4
-0.25075352,-0.67217183,4
0.7593312,-0.74810064,3
0.9064584,-0.13444996,4
0.25052476,0.29854453,1
-0.24332869,-0.2493869,1
-0.08085513,0.6911123,4
0.35747552,0.051718593,1
-0.33220315,0.9046358,4
0.3032564,0.4721465,4
-0.3005427,0.9452369,4
0.97704375,0.54851854,2
0.75677335,0.18464315,4
-0.8632096,-0.59893334,2
0.08642042,0.7850299,4
-0.82187665,-0.95506823,2
-0.19599712,-0.03584802,1
-0.45076,-0.112269044,1
-0.10896492,-0.76349604,4
0.82021964,-0.32231092,4
-0.65684366,0.1537782,4
0.61397564,-0.82504773,3
-0.15953231,-0.13548231,1
-0.9417869,-0.48677337,2
-0.5816096,0.29609442,4
-0.82973087,0.21295524,4
-0.4976442,0.5870943,3
-0.4786154,0.983341,3
0.13770473,0.7954637,4
-0.8062432,0.4008088,3
0.45777893,0.548316,2
-0.46560824,-0.25598788,4
0.6602627,-0.5096544,3
0.29224825,0.1311158,1
-0.6608583,-0.048602343,4
0.15278387,-0.3216592,1
-0.06421733,-0.37303174,1
-0.7189187,0.08255494,4
-0.91664517,0.8488567,3
-0.20248139,-0.5070523,4
-0.29673517,0.3916893,1
0.099693775,0.6841885,4
0.12973392,0.8383336,4
-0.6137314,0.95508516,3
0.6811935,0.0135297775,4
-0.32152307,-0.68178034,4
-0.22894943,0.024093628,1
-0.5568001,0.5214617,3
-0.6436058,-0.16634023,4
0.16829026,-0.020195365,1
-0.25601792,0.04782188,4
-0.18871951,0.49943078,4
-0.7878518,0.64917326,3
0.5890453,0.21305859,4
0.06440508,-0.49097753,1
0.598662,-0.619406,3
0.12990963,0.7872107,4
-0.70800734,0.22473884,4
0.5598868,-0.30507922,4
-0.11133754,0.36358786,1
0.64874625,-0.31599343,4
-0.51493454,-0.23180234,4
-0.643582,-0.29924333,4
-0.22449088,-0.051818013,1
-0.038113713,0.88215005,4
-0.26716244,0.4107709,4
0.4127493,-0.8089938,3
-0.5818311,-0.20808744,4
-0.7463051,-0.81261325,2
0.072126746,-0.5377288,4
-0.9188075,0.14641511,4
0.21393001,-0.42788696,4
0.10999501,0.8315542,4
0.90951526,-0.44113064,3
-0.5302181,-0.15449524,4
0.7823044,-0.46701717,3
0.24056983,-0.32263446,1
-0.114647746,0.66735244,4
-0.70768666,0.39596605,4
0.3374349,0.7055675,4
-0.8005887,0.29913902,4
0.5661447,-0.8047799,3
-0.031157136,0.6833348,4
0.0513947,-0.20170128,1
-0.16599882,0.925336,4
-0.7015884,0.6517991,3
-0.627715,-0.5674354,2
-0.77178454,-0.3591187,4
-0.9084128,0.19683182,4
0.42558694,-0.312302,4
0.043154836,-0.05765021,1
-0.70544684,0.34239793,4
0.90374386,0.16082048,4
-0.09233451,-0.2785318,1
0.49430633,-0.81918776,3
-0.23826003,-0.64314055,4
-0.90004885,-0.7154479,2
-0.76798177,-0.7860354,2
0.8245758,0.52171826,2
0.13847578,0.1411339,1
-0.30032837,0.15485322,1
-0.6270758,-0.96292055,2
0.022111416,0.11875367,1
0.20521033,0.5900755,4
-0.8725791,-0.73352146,4
0.92538023,0.46244597,2
-0.3238113,-0.6036825,4
0.7507597,-0.16568637,4
-0.3926884,-0.5485704,4
0.852942,0.8193383,2
-0.71443987,0.48232174,3
-0.31197727,0.023893833,1
-0.46304727,0.3378396,4
-0.53428864,0.6850288,3
-0.24931538,0.6938559,4
-0.003291607,0.47584796,1
0.4236138,-0.75499475,4
0.16791046,0.014752507,1
0.109114885,0.95132923,4
-0.0066115856,0.9596573,4
-0.00982976,0.33353758,1
0.53825486,-0.57461417,3
-0.8957871,-0.24941778,4
-0.47164786,-0.8009802,2
0.42022824,0.06804967,1
0.7528558,-0.9560895,3
0.09729159,0.04399562,1
-0.40120912,-0.007317424,1
-0.89955175,-0.7353264,2
0.020632267,-0.86057556,4
-0.6839224,-0.9819224,2
-0.9883232,0.15642619,4
-0.58335865,0.5561688,3
-0.6650175,0.9903127,3
-0.0043702126,-0.27760875,4
-0.19103515,-0.9385891,4
-0.45434558,-0.898685,2
-0.31874406,-0.9955729,4
-0.02713883,0.18777084,1
-0.41718054,-0.46639097,2
0.22810149,0.099330425,1
0.07465041,-0.48832202,1
0.44767416,-0.07593131,1
-0.8213949,-0.2287345,4
-0.72792053,0.16960597,4
0.103553295,-0.5189686,4
-0.5287392,0.3314526,4
-0.05374217,0.56233454,4
-0.8166615,-0.8337592,2
-0.34618998,-0.13302481,1
0.15791976,0.8855431,4
-0.786978,0.115467906,4
0.5949143,0.47858953,2
-0.70654356,0.64727736,3
0.3771242,-0.7747879,4
0.28778195,0.27394342,1
-0.07533443,-0.49506366,4
0.47736204,0.7512561,2
0.84762025,-0.7888254,3
-0.43651736,0.6232698,3
-0.6380378,0.6768775,3
0.82800925,0.9665233,2
-0.95112264,0.33085167,4
-0.62769485,0.2351377,4
0.4081254,-0.72383094,3
-0.22795177,-0.88330317,4
0.45481467,-0.3336059,4
0.5999868,-0.43823874,3
-0.10390055,-0.83843446,4
-0.25916815,0.9811162,4
0.3917358,-0.84701574,4
-0.16866338,0.6980324,4
0.9139224,-0.53281665,3
0.92412233,-0.16791928,4
0.7818819,-0.36289287,4
-0.6522541,-0.899384,2
0.16832995,-0.87843835,4
-0.3844297,0.44127357,4
-0.54520047,-0.12834847,4
-0.2827983,-0.52675414,4
0.9574615,-0.33800828,4
-0.10881281,0.8942859,4
-0.76661706,-0.9024998,2
-0.68535185,0.31984222,4
-0.42289758,-0.00524354,1
0.5713552,-0.41628146,3
0.11632919,0.26944745,1
0.91086423,-0.60074055,4
-0.7411095,-0.5897213,2
-0.04477167,0.9541658,4
0.41390538,-0.23363745,1
-0.28449392,0.59880555,4
0.8208927,-0.046765327,4
0.9746797,-0.3328185,4
-0.67679083,0.028767705,4
0.9174683,-0.46676934,3
-0.6158768,0.040573597,4
0.45301318,-0.8444575,3
0.1700784,0.9074309,4
-0.9850968,0.2704985,4
-0.35012352,-0.39701235,4
-0.20000172,0.45196664,1
-0.7411983,0.46894968,3
-0.031514406,-0.8721055,4
0.31289685,0.80435,4
-0.57333446,-0.29014134,4
0.1628784,-0.057848096,1
-0.43603277,0.4582299,3
-0.23115075,0.094356894,1
-0.4132582,-0.92164624,2
-0.59089494,0.7247051,3
0.17161512,0.08614409,1
0.019495487,0.71622586,4
0.38136637,-0.75963724,4
-0.7542021,-0.30635107,4
0.3974166,0.73261356,4
0.83737695,-0.7132975,3
-0.09667158,-0.24631298,1
-0.21967542,0.23639238,1
-0.290645,0.8993306,4
-0.83064866,-0.62854767,4
-0.48122728,-0.2714703,4
0.8014076,0.66857123,2
-0.014260411,-0.36506236,1
-0.62550986,-0.5044471,2
0.12914884,0.80058086,4
-0.5083245,0.22931099,4
0.7844235,-0.9227189,3
-0.760188,0.3753971,4
-0.06611502,-0.11825192,1
0.7532872,0.30889213,4
-0.09661591,-0.7912997,4
-0.5759393,-0.32723558,4
0.2033869,0.9487492,4
-0.37456393,-0.39665508,4
-0.8550217,-0.23251915,4
0.7659389,-0.18925941,4
-0.68026304,0.91513336,3
-0.7777369,-0.391384,4
-0.022651196,0.46429646,1
0.07332957,-0.37002075,1
0.76493347,0.27054405,4
-0.43802893,-0.6640785,2
-0.4051534,-0.3621782,4
0.99228454,-0.6033766,3
-0.28157866,-0.89834666,4
-0.26466608,0.8907423,4
-0.478415,0.17255104,4
0.3408835,0.11293769,1
-0.1794622,0.8653662,4
0.06065488,0.1203928,1
-0.09625769,-0.838225,4
-0.020831108,-0.34000647,1
-0.21139657,0.99358034,4
-0.47737193,0.87772703,3
-0.25887036,0.54098845,4
0.56170225,0.16896725,4
-0.27126515,0.29069185,1
0.06831777,0.51858556,4
0.9797156,-0.8032094,3
0.16705704,0.5429239,4
-0.0711807,-0.045384526,1
0.7521827,0.46407115,2
-0.69408727,0.17243826,4
-0.804268,0.32223654,4
-0.12502646,0.8175316,4
-0.35494816,-0.59958947,4
0.050843835,-0.81380856,4
0.54521835,-0.58932114,3
0.4024912,0.56585467,2
-0.44570947,0.8125578,3
0.44768965,-0.7612237,3
0.9727639,0.5811256,2
0.9387659,-0.14427698,4
0.4929067,0.87505674,2
-0.07456195,0.44177067,1
0.9009218,-0.5961683,4
0.3547386,0.58009624,4
-0.6233866,0.5460496,3
0.72457063,0.0233047,4
0.46022725,0.24933147,4
0.11656475,-0.65046847,4
0.3562168,0.28744352,1
-0.84019387,0.7787632,3
0.1430062,0.4937451,4
-0.70730114,0.39781785,4
-0.411785,0.8946477,3
-0.17386651,-0.1065228,1
0.50183344,-0.102905154,4
-0.9355315,0.5866128,4
0.032997727,0.16023791,1
-0.8401214,0.27681065,4
-0.60126364,-0.5457556,2
0.22021532,-0.47552097,4
-0.6848841,0.6834074,3
-0.5418805,-0.6386199,2
-0.47616184,0.6711962,3
-0.3372563,-0.30652893,1
-0.10494137,-0.7941114,4
0.877769,0.12999439,4
-0.5245625,-0.74667096,2
-0.8256091,0.14263248,4
0.24193168,-0.9913095,4
-0.55076826,-0.82741857,2
-0.5579883,0.38213718,4
0.9795455,0.10812163,4
0.6601753,-0.2852311,4
-0.16339397,-0.5740385,4
-0.6415212,-0.9027159,2
-0.59435546,-0.20634365,4
0.55360246,0.35163212,4
0.763566,-0.6653372,3
0.8262421,-0.49581182,3
0.024106145,-0.4742514,1
0.6928761,0.7446592,2
-0.27325892,0.2586267,1
-0.31524754,-0.47443473,4
-0.12545049,0.2127477,1
-0.6818192,0.71508443,3
0.080724835,-0.34504426,1
0.09101784,-0.6412492,4
-0.9699447,0.20572186,4
-0.6689069,0.5934422,3
-0.23630202,-0.16911983,1
0.58587635,0.55835414,2
-0.8921263,-0.4028542,2
0.42609334,0.1457932,1
-0.978322,-0.29729784,4
0.77886987,-0.67625546,4
-0.90257895,-0.8915801,2
0.6441356,0.031024218,4
-0.61699784,-0.85680974,2
0.93792117,0.93968594,2
0.7628808,-0.98861957,3
-0.29675138,0.7164533,4
-0.04805255,0.14406562,1
-0.50982237,-0.078502536,4
0.047258258,0.09788132,1
0.62314546,-0.30186427,4
-0.3307134,-0.5090617,4
-0.115451336,0.99757886,4
0.49309385,0.24467158,4
0.0048131943,-0.30731988,1
-0.41528475,-0.88087857,2
0.6865727,0.08488548,4
-0.69426537,0.40138543,3
-0.9116037,0.9488064,3
0.17684126,0.30777955,1
-0.48198187,0.5585984,3
0.89036274,0.23443127,4
0.973434,-0.8021765,3
-0.66503835,0.73815656,3
-0.5434967,-0.2137729,4
0.5349008,-0.34035897,4
-0.4314959,-0.78005064,2
0.4960369,0.89427423,2
-0.19239962,0.7078154,4
0.3972162,0.1561495,1
0.7101364,0.21394181,4
-0.45823717,-0.12968409,1
-0.6196513,-0.46428955,4
-0.4347427,0.2313422,1
0.064816475,0.7556294,4
0.05482018,0.26048982,1
-0.74248254,-0.02387309,4
-0.85987735,-0.5462271,2
-0.1419183,0.2201463,1
-0.7206123,0.18083,4
-0.13119817,0.015892029,1
0.960626,-0.066575885,4
0.9599545,-0.8047663,3
-0.7832581,-0.31177664,4
-0.643399,-0.23457646,4
-0.37157857,0.44601285,4
0.53881884,0.16991305,4
0.51885426,0.84376705,2
-0.22793257,0.3160745,1
-0.7412803,-0.8965651,2
-0.63731897,0.15389943,4
-0.2532519,-0.31704795,1
-0.35055697,0.48810828,4
-0.8046701,-0.3071519,4
-0.79237854,-0.15314746,4
0.88011634,-0.4845469,3
-0.33125126,-0.13486648,1
0.58119774,0.7630136,2
-0.09802592,-0.5198027,4
-0.8367758,0.73756707,3
-0.7861093,-0.9990181,2
-0.073430896,0.04281628,1
-0.19104779,0.91381896,4
-0.8689282,0.9994067,3
0.042127132,-0.7663667,4
0.8948858,-0.2584554,4
0.3913877,0.3702098,4
-0.6204436,-0.23059547,4
-0.52768683,-0.54547346,2
0.6287943,0.20551383,4
-0.38495135,0.1831268,1
-0.056905508,0.5668386,4
0.53786445,0.48583138,2
0.731225,-0.113363385,4
0.8804847,-0.051219344,4
-0.6392698,-0.780964,2
0.59414876,-0.34286094,4
0.13415575,0.80505586,4
0.82008135,-0.21395874,4
-0.79618704,0.11747146,4
0.67098606,0.70944357,2
0.63391197,-0.056847453,4
0.3933276,-0.70214283,4
0.2802601,-0.38626266,1
-0.73518276,-0.530125,2
-0.081044674,-0.83092844,4
0.33928502,0.007588744,1
0.4163686,0.27363276,1
0.71133375,0.7358022,2
-0.99492395,0.3250929,4
-0.8752786,0.21848464,4
-0.13999486,0.90050566,4
-0.6988385,0.6007843,3
0.6335075,-0.40585732,3
0.3269179,0.5781363,4
0.3804083,0.09628415,1
-0.9744983,0.88530684,3
0.35823655,0.83471775,4
-0.9769006,-0.7428466,2
0.2101928,-0.9570513,4
0.48616004,0.4589342,2
-0.30304968,-0.49758184,4
0.67885697,-0.823931,3
0.45357454,0.39484835,4
0.8896005,0.8328353,2
-0.738333,-0.5991354,2
0.5346515,0.70884,2
0.559237,0.25332284,4
-0.924271,0.45672858,3
-0.39510405,0.76546633,4
0.22509193,-0.20370829,1
0.23327994,0.5733987,4
-0.2889818,-0.6149564,4
-0.5313095,0.113503575,4
-0.1835059,-0.57177544,4
0.77270555,-0.20455003,4
-0.30198598,-0.68484795,4
-0.97055054,-0.47974312,4
-0.555671,0.47716856,4
-0.52293885,0.6139821,3
0.708681,0.09625304,4
0.8818153,-0.7758553,3
0.94738424,-0.66279364,3
-0.4919455,-0.4538026,2
0.8206457,0.53008044,2
-0.83973575,-0.96151245,2
0.34737647,-0.3460921,1
-0.5041722,-0.8564532,2
-0.5998621,0.22188628,4
-0.91448534,0.36179245,4
-0.4273125,0.5109819,4
0.23651302,0.44265532,4
0.60401416,0.19881368,4
0.04194522,0.63430583,4
0.67792845,-0.88071454,3
-0.89216435,-0.43584967,4
0.73012865,-0.48181844,3
-0.79215705,0.981722,4
0.016005397,0.65658784,4
-0.81422985,0.5691016,3
0.78869486,0.8845072,2
-0.09274936,-0.79320335,4
-0.23117673,-0.7770051,4
0.5322298,0.94682515,2
-0.6508851,-0.15582335,4
-0.16602838,-0.98057437,4
-0.8269217,-0.33304608,4
-0.4831221,0.95229757,3
-0.71726453,-0.8878112,2
0.68718255,0.81244063,2
0.2688017,0.52880156,4
-0.6704829,0.79768527,3
-0.5884094,0.40672338,3
-0.40488064,-0.13533914,1
-0.5257219,0.74015224,3
-0.25394773,-0.86439073,4
-0.68040705,0.4435662,3
0.99819887,-0.35092556,4
-0.48075342,-0.32593167,4
-0.33765376,0.9005573,4
-0.6871917,0.81155777,3
0.8942406,-0.8993938,3
-0.13979042,0.29766512,4
-0.44318092,-0.7080972,2
0.45008814,0.8688452,4
-0.03658068,-0.99329114,4
0.6123359,-0.3608886,4
-0.24651349,-0.7763758,4
-0.9811077,0.84321475,3
0.0052291155,-0.029289126,1
0.06064427,-0.38285744,1
0.7202164,-0.98788345,3
0.21182084,0.4822954,4
-0.78116095,-0.8981044,2
0.10149479,0.034235,1
0.45891285,0.34827185,4
-0.9308673,0.093845844,4
0.49528086,0.24090147,4
-0.49979007,-0.2857486,4
0.85053253,0.9708648,2
-0.91292953,-0.92568696,2
0.38720214,0.26115465,1
0.96198785,-0.6498145,3
0.3524208,0.03653395,1
0.9405875,0.19575882,4
-0.42954588,-0.98261297,2
-0.12503445,-0.43513262,1
-0.82867813,0.42237973,3
-0.6847184,-0.62375,4
-0.8286687,0.6553081,3
-0.28605688,0.39315426,1
-0.36578858,0.39923108,4
0.26394272,-0.5152298,4
0.5323535,0.1603837,4
-0.14780676,0.25299704,1
0.35121024,0.91955554,4
0.26881492,0.23529053,4
-0.97465277,-0.28961027,4
-0.3779472,0.3383516,4
0.52939785,0.66010463,2
-0.6340872,0.4312197,3
-0.94074404,-0.79834497,2
-0.5585592,0.061457276,4
0.7912612,0.7758069,2
-0.56928,0.9751737,3
-0.8936448,-0.5678692,2
-0.42434967,-0.013437748,1
-0.36659288,0.7319493,4
-0.21270967,0.12276924,1
0.48788714,-0.8711544,3
0.36805403,-0.108516335,1
-0.49455237,-0.39609075,4
0.53086567,-0.38542306,4
0.8908125,0.1798501,4
0.6298152,0.89598453,2
-0.110239506,0.728951,4
0.7870811,-0.532133,3
-0.3275528,-0.95783854,4
-0.74886155,0.7040763,3
0.9330311,-0.23205626,4
-0.8981577,-0.5315105,2
-0.54106355,0.9119028,3
-0.7473886,0.087047935,4
0.55173576,-0.8648621,3
0.39199102,-0.38897038,4
0.33537626,0.519029,4
0.5460956,0.920035,2
-0.34357595,-0.22608292,1
0.6086254,0.94892,2
-0.9928514,0.5986732,3
0.07551551,-0.01921022,1
0.58292663,-0.36793923,4
-0.7131444,0.31085622,4
-0.90026116,-0.460055,2
0.057579994,-0.10272598,1
-0.9296298,-0.4984126,4
-0.61392593,0.10980117,4
-0.3573054,-0.63957644,4
-0.61645174,0.13176739,4
0.4927336,-0.44048524,3
0.7654375,0.7289555,4
0.60599947,-0.9661968,4
-0.63807166,-0.27685118,4
-0.44195378,0.7444712,3
-0.114091754,0.64696634,4
-0.05378294,0.93613636,4
-0.29142773,-0.8456303,4
-0.41866648,-0.35867512,4
0.07233739,0.21273422,1
0.2663504,0.49356687,4
0.69881296,-0.38383222,4
0.6769545,0.7769692,2
-0.8101065,-0.33240986,4
-0.8427975,0.32582283,4
-0.29632664,0.016783476,1
-0.015307188,0.9539151,4
-0.23440182,-0.77274334,4
0.29764402,0.693231,4
0.80007696,-0.77439916,3
0.24224043,-0.39300573,1
-0.61146307,-0.41549778,2
0.14386153,-0.12740946,1
-0.021502733,-0.41024005,1
-0.23629725,-0.85141194,4
0.21590829,0.6011565,4
0.6993722,-0.695403,3
0.7194108,-0.9508593,3
-0.98266613,-0.80055845,2
0.2546761,0.96929574,4
-0.43685722,-0.33790493,4
0.7648642,-0.012280226,4
0.57253313,-0.34085798,4
0.032136798,0.6988417,4
-0.19397342,-0.8325392,4
-0.99026775,0.057908893,4
0.9815817,-0.72970617,3
0.65892136,0.11417091,4
0.7982223,-0.08416951,4
-0.8410609,0.82762194,3
-0.83018553,-0.96534157,2
0.064263344,-0.9839963,4
0.94356465,-0.89060485,3
-0.4341632,0.424744,3
-0.15819967,-0.7468929,4
-0.62100875,0.4059676,3
0.3799504,0.041036963,4
0.25068688,0.0564152,1
0.20227563,0.6329936,4
0.6835927,-0.9822949,3
0.55759454,-0.4586197,3
-0.8919138,0.99584556,3
0.58944774,-0.27092433,4
0.34755588,0.40685642,4
-0.3446219,-0.8261645,4
-0.29670417,0.46078122,4
0.29397798,-0.30628812,1
-0.723528,0.79808545,3
0.95628524,-0.42687738,3
0.62860954,0.8274913,2
0.47737455,0.98882794,2
-0.036714792,-0.23532355,1
0.46062708,0.41352713,2
-0.7152941,-0.62673306,2
0.51530623,-0.7200961,3
-0.6884426,-0.6620059,2
-0.47610152,-0.9030292,2
0.15468836,-0.27131486,1
0.7998847,-0.5414418,3
0.857373,0.7419182,2
0.4870057,-0.5051794,3
-0.5196692,0.4267975,3
-0.21561444,0.73652935,4
-0.04799521,0.77161777,4
-0.088772655,0.18192363,1
0.90470874,0.3072312,4
-0.69290257,0.4750527,3
-0.5371102,0.25587106,4
0.8984171,0.381083,4
0.63051677,0.48494935,2
-0.33038235,0.15863645,1
-0.017213821,-0.8545555,4
-0.7028791,-0.80070055,2
-0.6797415,-0.48912513,2
0.9693718,0.33362114,4
-0.12310839,0.8634672,4
-0.43525684,-0.81446576,4
0.038232565,0.08825421,1
-0.5844619,-0.103995085,4
-0.19033587,-0.33733666,1
-0.65933895,0.36921263,4
-0.44634402,-0.91321266,2
0.1298157,-0.34010231,1
-0.16470599,-0.8971305,4
0.02003038,-0.06136608,1
-0.81805897,-0.09280324,4
0.80521536,-0.65853333,4
0.4601816,-0.6466284,3
0.9064505,0.87208664,2
0.77339697,-0.2481848,4
-0.15732634,-0.029070973,4
0.13809574,0.01986909,4
0.9359447,-0.9812591,3
0.5455531,0.7804562,2
-0.29907084,0.15836227,1
0.87835515,0.49572074,4
0.045862198,-0.6879947,4
-0.8792883,-0.82744753,2
0.3926468,-0.20707917,1
0.5676153,-0.43932927,3
-0.47989917,-0.45055258,2
-0.35818124,0.9423369,4
0.77087665,-0.30170953,4
0.35358655,-0.06459558,1
-0.94501233,-0.8512144,4
-0.6913742,-0.90156114,2
0.62496686,-0.107535005,4
-0.7650168,-0.19633806,4
0.8055148,0.7408259,2
0.5574646,-0.9937794,3
0.013176084,0.6435157,4
-0.3393649,0.71065056,4
-0.29458284,0.73323214,4
-0.29937804,0.17272305,1
0.78831387,-0.9449743,3
0.37020886,-0.26872396,1
-0.7084322,0.01314652,4
0.78783774,-0.82873714,3
0.22944963,0.87909806,4
0.41132426,-0.91284895,3
-0.043129444,-0.21488738,1
-0.7607975,0.06527436,4
0.10242772,0.40891373,1
-0.1612798,0.40907705,1
-0.17149103,-0.20954072,1
-0.7442293,-0.0425483,4
-0.4212165,-0.7419847,2
-0.7700213,0.24212587,4
0.6110916,0.5459697,2
0.81535673,-0.37213552,4
0.2095344,-0.45506763,4
0.12235236,0.042706132,1
-0.9933318,0.08775532,4
0.22383595,-0.45046926,4
0.7588799,0.26824903,4
-0.33657682,-0.59101856,4
0.45430815,0.41896522,2
-0.4218601,0.7666832,3
-0.94652987,-0.37866938,4
-0.8546605,-0.5756501,2
0.61818814,0.43925738,2
-0.6888906,-0.4568156,2
0.21472967,-0.35598898,1
0.2226963,0.3037951,1
-0.5390502,-0.32447088,4
0.27927244,0.65849185,4
0.5526533,-0.72934616,3
0.15594232,-0.24109781,1
-0.9967743,0.32671034,4
0.015016198,0.5372716,4
-0.933848,-0.31601346,4
-0.37253618,-0.897884,4
-0.405792,0.7636646,3
-0.96912706,-0.19404268,4
-0.30717933,0.43953395,4
0.8919209,0.77600837,2
0.27421522,0.06537807,1
0.01578772,-0.39621508,1
0.17406046,-0.55232286,4
0.18544412,0.11934364,1
-0.36058784,0.89533806,4
-0.17485905,0.23435509,1
0.36270678,-0.70558584,4
-0.5368575,-0.6123018,2
-0.4690746,0.0917747,1
0.10550773,-0.80739665,4
0.93133354,-0.90337145,3
-0.71201515,0.6702081,3
0.3440858,0.9204618,4
0.8230077,0.87596333,4
0.390617,0.015658617,1
-0.22280991,-0.057674527,1
0.23568058,-0.22901046,1
0.83568156,-0.50900304,3
0.9676801,-0.5694705,4
-0.7607391,-0.657357,2
0.9139396,-0.9874455,3
-0.2355212,-0.12988377,1
0.8121028,0.6794468,2
0.9139178,0.35405207,4
-0.08773744,-0.79720557,4
0.91671515,-0.3417678,4
-0.001090765,-0.8611264,4
-0.9396131,0.11860657,4
-0.3730544,-0.60375655,4
-0.113408566,0.12602377,4
0.40871954,0.49130893,2
0.62247396,0.053126097,4
0.26364398,-0.9454534,4
-0.97035813,-0.30648088,4
-0.47047412,-0.5529219,2
0.5210724,0.40917373,2
-0.0219692,0.23934948,1
-0.54438305,-0.9478954,2
0.0051095486,0.3871106,1
-0.9306046,-0.19427681,4
-0.32715023,0.18523157,1
-0.9751091,-0.029071212,4
-0.96640694,0.6816572,3
0.45026994,0.14348578,4
-0.64518356,0.91237545,3
-0.5716604,-0.15027988,4
-0.103579044,0.45674658,1
-0.89104974,-0.006868005,4
-0.14211941,0.74881625,4
-0.51515746,-0.31219697,4
0.59231365,-0.18775141,4
0.3635975,-0.4390893,4
-0.22977948,-0.91420424,4
0.8529457,0.20084,4
0.10033488,-0.22723997,1
-0.3230127,0.9185833,4
0.19577372,-0.4235859,1
0.31636834,0.623569,4
-0.24219596,0.24899888,4
0.6191441,-0.69696677,3
-0.35936618,0.5906218,4
0.40326035,0.54830635,2
0.8877443,-0.97944725,3
-0.57287204,0.12603593,4
0.9125191,0.93558633,2
-0.5834912,0.69375813,3
0.6410426,-0.91798735,3
-0.3254037,-0.21314192,1
-0.0012338161,-0.3896991,4
0.9107754,0.4740088,4
0.24338794,-0.17119145,1
0.4332131,-0.43125057,3
-0.045314074,-0.74856114,4
-0.48110616,0.8094255,3
-0.11200321,0.54527545,4
-0.43255103,-0.33712184,4
-0.13184583,-0.39792395,1
-0.08289063,-0.07557988,1
-0.4574859,0.88820183,3
0.6744976,-0.24351048,4
-0.08474171,-0.9520037,4
-0.91953754,0.5150509,3
-0.68855417,-0.22933626,4
0.47639596,-0.5785798,3
-0.19828904,0.36352205,1
-0.88475156,0.21458268,4
0.80190814,-0.17657912,4
-0.89983857,0.7387248,3
0.88031757,-0.7703347,3
-0.49250484,0.7783966,3
0.48702967,-0.13164234,4
0.14582002,-0.09204757,1
-0.2004124,-0.13495708,1
-0.9188819,-0.13921976,4
0.37339032,-0.6520175,4
0.33728683,0.9471947,4
0.49485052,-0.12857127,4
0.14692187,0.14368689,1
0.6005753,0.028175235,4
0.06663251,0.64279795,4
-0.027990222,0.86169875,4
0.91773975,0.34876525,4
0.89514995,0.48327398,2
-0.43847454,0.52473664,3
-0.0848968,-0.07726264,1
0.28332293,-0.76513684,4
-0.7502377,0.6820502,3
-0.39445972,-0.58703125,4
-0.59936047,-0.12219238,4
-0.6575725,0.93855596,3
-0.29894876,0.5627066,4
-0.30773866,-0.1917156,1
-0.37846088,-0.3461033,4
-0.11600506,0.30856287,1
0.7567079,-0.19891989,4
-0.23885405,0.6135963,4
0.67740715,-0.07465696,4
0.3431853,-0.46154332,4
-0.28968883,-0.6311785,4
0.9041517,0.112457156,4
0.3106041,0.28507185,1
0.023903608,-0.79314303,4
-0.16093278,0.12126994,1
-0.100886226,-0.73629534,4
0.56264555,0.27223086,4
0.8136686,0.55009675,2
0.07971358,-0.93436015,4
0.46450567,0.87618136,2
-0.7348621,-0.96313405,2
-0.20069838,0.64767456,4
0.2157594,0.5003077,4
-0.3200338,0.5058321,4
-0.8952482,0.719223,3
-0.45322633,0.3929212,4
0.5977918,0.5905019,4
-0.88896084,0.5882969,3
-0.27758455,0.827749,4
-0.8967589,0.31623125,4
-0.11055553,-0.29659915,1
0.44189787,0.7212801,2
0.40148973,0.17410576,1
0.62512624,-0.8392893,3
-0.06482351,0.8590956,4
0.57712436,0.6991216,2
-0.18456078,0.017449856,1
-0.111836314,0.683671,4
-0.5486038,-0.30058336,4
-0.46267235,0.15252721,1
-0.041560292,-0.17042148,1
-0.40755963,0.5443468,3
-0.5624298,-0.48567486,2
-0.5482743,-0.04654455,4
0.65724707,0.95674515,2
0.48020458,-0.12048054,1
0.79542565,0.019263625,4
-0.45426607,0.12161505,1
0.31299174,-0.0437845,1
-0.17707753,-0.22582245,1
-0.8424219,-0.9858749,2
-0.67120135,-0.75346947,2
0.06963861,0.6529131,4
0.13679993,0.28243983,1
-0.8939699,0.8866602,3
-0.103351355,0.5680783,4
0.24266803,0.21450448,4
-0.77339935,0.8919842,3
-0.73111343,-0.39472198,4
0.15599966,0.2079196,1
-0.67313564,0.5964427,3
0.3536396,-0.2308302,1
0.90195656,0.67713714,2
-0.7644887,-0.29774427,4
-0.5355482,0.4700284,3
-0.16334164,0.15668452,1
-0.10894871,-0.83025384,4
0.8351376,0.25943923,4
-0.90853596,-0.28157747,4
-0.5710374,-0.22558713,4
-0.7301161,0.79432297,3
0.8514153,-0.9204136,3
0.25719202,0.3634423,1
0.92055964,-0.18044782,4
-0.3245821,-0.9430164,4
0.4568745,0.87159455,2
-0.5364226,0.55935633,3
-0.5173595,0.4648434,3
0.21394372,0.27326858,1
0.6596043,0.34875667,4
-0.097959995,-0.6580318,4
0.039951563,-0.12612689,1
0.2624662,0.83014345,4
-0.9302399,0.15912843,4
-0.25330353,0.028983593,1
0.5044552,0.41827893,2
-0.7246834,-0.6712358,2
-0.407094,0.31133723,4
-0.7637304,0.5017139,3
-0.0449636,0.6905966,4
-0.08186531,-0.64394677,4
0.5887636,-0.19024277,4
0.15196455,0.62301266,4
0.070421696,0.22446334,1
-0.757846,-0.33768892,4
-0.19488144,0.7528049,4
0.9537182,-0.57980275,4
0.42730653,0.69568324,2
-0.7085532,0.85828114,3
0.34104657,-0.36881363,4
0.21976936,-0.36350274,1
0.11796689,0.38679123,1
-0.12640548,-0.37539148,1
0.82569325,0.76461816,2
0.5604814,-0.82396245,3
0.8202398,0.4264915,2
-0.6919745,0.42956877,3
-0.17320752,0.7300172,4
-0.76848006,0.7749207,3
-0.38977528,-0.1952976,1
-0.8973453,0.30112457,4
-0.27111626,-0.025723696,1
-0.89261913,0.9578501,3
-0.06924462,-0.5763173,4
-0.27614927,0.06436372,1
-0.4595034,0.5021713,3
0.3161348,0.6128776,4
0.046661258,-0.04564333,1
0.16129625,0.24651754,4
0.49186254,-0.764941,3
-0.028884053,0.056963682,1
-0.29506624,-0.5282303,4
0.81087697,-0.47586882,3
-0.8468137,-0.78202486,2
0.32491076,-0.4134301,4
-0.408301,-0.33940315,4
0.48698008,-0.06061995,4
0.015131831,0.89940894,4
0.043904543,-0.38134623,1
-0.60029304,0.6955701,3
0.030896664,0.28758347,1
0.9986309,-0.973938,3
-0.14491582,-0.36983383,1
-0.90504134,0.06609571,4
0.12353897,0.061984062,1
-0.235116,-0.19031465,1
0.7168031,-0.705835,3
0.34792924,-0.048530817,1
0.37629735,-0.5350845,4
-0.36332977,-0.32123566,1
0.046532393,0.17739534,1
-0.5338057,-0.94602716,2
-0.379786,0.43040097,4
0.6707969,0.58728254,2
0.0047904253,0.89087427,4
0.7674409,-0.17846298,4
-0.6838696,-0.13040972,4
-0.7156261,-0.8023132,2
0.95771,-0.95141876,3
0.7449473,0.9680587,2
0.1612134,0.8085824,4
0.77407455,0.68587136,4
0.062089324,0.26052284,1
-0.97455966,-0.67481625,2
0.9831705,0.44316697,2
0.1108197,0.05166316,1
0.44604886,0.729645,2
0.7694005,-0.9996251,3
-0.1758256,0.93568325,4
0.16937459,-0.0032088757,1
0.17409062,-0.0044744015,1
0.42768502,0.20717955,1
-0.627586,-0.08187568,4
-0.21614349,0.21031773,1
0.53469694,-0.27656198,4
-0.39913714,0.078287244,4
-0.53058493,0.87911606,3
0.020589352,0.55437887,4
0.087635756,-0.97905684,4
0.94774187,-0.6574942,3
0.8937278,-0.019422531,4
0.23729885,-0.33503234,1
0.24160671,-0.98491144,4
0.79977524,-0.5158174,3
-0.1971116,0.29652858,1
-0.14572132,0.0862962,1
0.25430274,0.8747786,4
-0.65528667,0.41764355,3
0.63112736,0.2592461,4
-0.60542595,0.67461693,3
-0.22137058,-0.7581197,4
0.2760718,0.7784077,4
-0.36574078,0.3480965,4
-0.05412221,0.7886716,4
0.21173227,0.3618431,1
0.8385674,0.6045475,2
0.10842657,0.21897972,1
-0.46007633,0.09830904,1
0.897408,0.8945043,2
-0.24880624,-0.1283977,1
0.26754415,0.8462298,4
-0.58736753,-0.22185159,4
-0.084077,0.3465078,1
0.9204023,0.43769383,2
-0.75423014,0.47660315,3
0.17083931,0.71612275,4
-0.034496427,-0.19964302,1
0.8709978,0.3054446,4
0.31526804,-0.23700643,1
-0.386456,0.18269062,4
-0.63718927,0.7172421,3
0.9706825,-0.4637705,3
-0.48617947,0.18379545,4
-0.50451183,-0.5803944,2
0.100332856,-0.7491181,4
-0.30173957,-0.04877603,1
-0.9818913,0.4362452,3
0.6304312,-0.21973586,4
-0.6996567,0.010912776,4
0.14168131,-0.8176061,4
-0.94785285,-0.0638299,4
-0.74353385,-0.43153572,2
0.37013054,0.43378508,4
-0.30957198,-0.57645905,4
0.38051486,-0.27630532,1
-0.034452796,-0.5207201,4
0.23264766,0.8273988,4
0.4310732,-0.9259776,3
-0.28438818,-0.8303231,4
0.26729023,0.6638359,4
-0.30970418,0.31727827,1
0.3327191,-0.4681723,4
-0.90120244,-0.050199986,4
-0.8599843,0.7569462,3
0.2557807,0.9951539,4
0.031818032,-0.1869179,1
0.6473347,-0.80509984,3
0.94062257,0.77949035,2
0.60011876,0.80733395,2
0.34863627,-0.94472635,4
0.3617159,0.77360713,4
-0.38631892,-0.5685518,4
0.53994286,-0.5340718,3
-0.110813975,0.87383115,4
-0.9509293,-0.10322213,4
0.16729617,-0.079179406,1
-0.40097415,0.8602649,4
0.8493992,-0.97287107,3
-0.85541534,0.07635224,4
0.3707918,0.8411343,4
0.48592663,-0.8780638,3
-0.07102728,-0.08666527,1
0.32960117,-0.30827487,1
-0.82721007,-0.35249925,4
0.15312326,0.28176856,1
0.9107621,-0.4477489,3
0.59645617,-0.3741542,4
-0.3727312,0.6386559,4
0.73396087,0.071338415,4
0.64165723,-0.6562921,3
0.7590109,0.5860915,2
0.43287933,-0.1007992,1
-0.1480434,0.17990255,1
-0.119864345,-0.04284966,1
-0.4640603,-0.37964082,4
0.41413474,-0.019725323,4
-0.70899665,0.5879823,3
0.61546147,0.07960129,4
0.14148235,-0.8806586,4
-0.62723374,0.0047683716,4
0.50204873,0.46329105,4
-0.7811192,0.78467965,3
-0.07526481,0.24794018,4
0.27801096,-0.09968686,1
0.06792426,0.6189233,4
-0.79303133,0.30608118,4
-0.15849102,-0.39770567,1
0.40407193,-0.6662003,3
-0.81208575,-0.6128174,2
-0.12589979,0.79590595,4
0.47898114,0.117785096,1
-0.9865844,-0.8920058,2
0.080914974,0.7383299,4
-0.17883551,0.98119986,4
0.75819194,0.37521994,4
0.87165093,-0.034461737,4
-0.48710573,-0.05118406,1
-0.94879556,-0.2704109,4
0.3070228,0.8284997,4
-0.79707515,0.32867765,4
-0.5281552,-0.43105078,2
-0.7565321,-0.40580988,2
0.53955257,0.81253123,2
0.6872674,-0.8964435,3
-0.6487088,0.9198712,3
0.82298064,0.095087886,4
0.6282309,0.033783436,4
0.3900876,0.6337688,4
-0.65981865,-0.9776075,2
0.12451768,-0.55563927,4
-0.53644407,0.4902768,3
-0.18025148,0.7556914,4
0.4999274,0.47761786,2
0.26284993,0.73740077,4
-0.76898944,0.14927423,4
0.94631183,0.96334004,2
0.15448058,-0.77292585,4
-0.9358094,-0.612591,4
-0.015191078,0.3095814,1
0.3913101,0.42721772,4
0.61139166,-0.24230528,4
0.72944677,-0.6865599,3
-0.63084066,0.3149953,4
0.11676884,-0.7572284,4
0.22434044,-0.2822801,1
-0.2254759,0.6150056,4
-0.044339657,0.43364298,1
0.89732873,-0.7587378,3
0.7228744,0.20028841,4
0.556612,0.15652978,4
0.2742473,-0.6139518,4
0.34169042,0.12948251,1
-0.63589275,0.35293388,4
-0.47807825,0.5901524,4
-0.022302628,-0.35215914,1
-0.9780905,-0.99602413,2
0.5636394,0.2978028,4
0.71734023,0.28150845,4
0.3777082,-0.43010163,4
0.7482605,0.4980899,2
-0.5324906,0.5073961,3
-0.54277515,-0.2450515,4
-0.7756032,-0.80803025,2
0.6641804,-0.7270051,3
0.6308149,0.27594066,4
-0.9678215,-0.5042945,4
0.68984604,-0.1381954,4
0.69463325,-0.71790004,3
-0.7622106,0.3528366,4
-0.46206665,0.059045315,1
-0.60204387,-0.75943935,2
0.12031877,-0.53375816,4
0.767331,-0.64855194,3
-0.81797564,0.7314553,4
0.57397795,-0.34935474,4
-0.57856405,-0.76250243,4
0.78078914,-0.50298643,3
0.53006375,-0.2737913,4
-0.7569039,0.021708488,4
-0.116102695,-0.5358721,4
-0.3425318,-0.49140227,4
0.16222525,-0.19630003,1
-0.6175512,-0.22440243,4
0.22744358,0.57837117,4
-0.8311591,-0.10750008,4
-0.95216334,-0.016951084,4
0.23788905,0.066776514,1
0.23221183,-0.98826206,4
0.27462614,0.22281861,1
-0.12066603,-0.17837644,1
-0.91273165,0.90982985,3
-0.8650594,0.25697052,4
0.4212017,-0.24284136,1
0.7475858,0.71811986,2
-0.28356397,-0.7271997,4
0.65883255,-0.48140693,3
0.8725581,0.23370373,4
-0.65617096,0.4461515,4
-0.8583605,-0.56943,2
0.7466121,-0.079634905,4
0.6221615,-0.7342297,3
-0.3620131,-0.7787732,4
0.75048053,0.3363694,4
-0.70730066,-0.4178996,2
-0.3945396,-0.6690388,4
-0.64843965,0.08553994,4
-0.6503415,0.90561557,3
-0.08036196,0.27313256,1
-0.8891524,0.97734845,4
0.0019068718,-0.72807384,4
0.6268103,0.6822158,2
0.71165895,-0.2731818,4
-0.70605457,-0.83430576,4
-0.32636487,-0.04083109,1
-0.5000119,0.9845544,4
0.9939873,-0.2897259,4
-0.17286432,0.35526133,1
-0.3541242,0.9028406,4
-0.29543293,0.26169264,1
-0.9865811,0.45517766,3
-0.776932,-0.66426647,2
-0.4110893,0.7350445,3
-0.0646857,0.8286681,4
0.61074114,0.65682054,2
0.9859699,0.3173548,4
-0.8986101,0.1575495,4
-0.17865181,0.5357797,4
-0.3505255,0.74631846,4
-0.8347862,-0.5824363,2
0.09521663,-0.8405925,4
-0.917081,-0.7533057,2
-0.35739887,0.06035638,1
0.2777846,0.5208477,4
0.9979522,-0.90553725,3
0.2392503,0.5842043,4
0.35763896,-0.38178718,4
-0.93519723,-0.7712785,2
0.3248775,-0.25276685,1
0.26271212,0.424325,1
0.43256497,0.92995393,4
0.75561285,-0.9581467,3
-0.88903224,-0.8427814,2
-0.6182301,-0.40327966,2
0.5463886,-0.71573424,3
0.0033967495,0.40336728,1
-0.43293512,-0.80969906,4
0.81758547,0.54352343,2
-0.60191596,-0.3002199,4
-0.53014624,-0.7480463,2
-0.44169426,-0.16120708,1
0.30974245,-0.9954581,4
-0.31068814,0.78909695,4
0.1829443,0.35006,1
-0.13604212,0.66490126,4
-0.22303677,0.68344367,4
0.10683954,-0.48210227,1
0.7495638,0.024335623,4
-0.722451,-0.689355,2
-0.9807327,0.19937873,4
0.68052685,-0.2007761,4
-0.2784649,0.83459556,4
0.3996458,-0.31586206,4
-0.13205779,-0.8220594,4
0.1666094,0.3205533,1
0.8045293,0.91957355,2
-0.73834634,0.36986542,4
-0.78317106,-0.8355231,2
-0.31798458,-0.5471178,4
0.050177097,-0.20790505,1
-0.15984178,0.5401757,4
-0.27057028,0.07536256,4
0.6955192,0.74950707,4
0.03526354,-0.2937783,1
0.06394315,-0.32356536,1
-0.76340425,-0.59348214,4
-0.23860681,0.8392352,4
-0.36925018,0.5213578,4
0.40996277,0.71967185,2
0.6632011,-0.4954822,3
-0.24969685,0.604728,4
0.088466406,-0.53604007,4
0.8040656,0.8093374,2
0.2121365,-0.6708133,4
-0.4262805,-0.2192607,4
-0.41557038,-0.84917676,2
-0.19527733,-0.04897678,4
-0.82818246,0.5964154,3
0.88902736,-0.40296137,3
0.28337455,0.5971092,4
0.31474555,0.16442311,1
-0.5004338,-0.37133276,4
0.48352516,-0.86655223,3
0.62651956,-0.81068754,3
0.042060018,0.7549491,4
-0.11314225,0.1445781,1
-0.9689435,0.67506695,3
0.55981815,-0.646081,4
0.16486573,-0.85145867,4
-0.32860482,0.41828167,4
-0.146685,0.7985512,4
0.447762,-0.91395164,3
0.04152286,0.5203217,4
-0.718066,0.40743268,3
-0.049127817,0.14811873,1
-0.43830574,0.9020989,3
0.077616096,0.49361932,1
-0.8398771,0.6039407,4
0.74238145,-0.94552994,3
0.3638494,-0.9767165,4
-0.89809203,-0.78495395,2
0.79347813,-0.6355177,3
-0.8963196,0.21135962,4
0.8699547,-0.34634948,4
0.73314965,0.82099426,2
-0.17211938,-0.465976,1
0.9648429,0.67232597,2
-0.32601142,0.65119004,4
-0.49145412,-0.13281691,4
0.638299,0.33367229,4
0.029573202,0.30195367,1
-0.26290023,0.3621323,1
-0.8966075,-0.16955054,4
-0.6268027,-0.8632332,2
-0.65160275,-0.4313593,2
-0.2739805,0.14849675,4
0.25510383,0.9143989,4
0.72042954,-0.85943913,3
0.3193375,-0.025425315,4
0.9505564,0.533067,2
-0.68764853,0.6700463,3
0.5582243,-0.36482275,4
0.11536193,0.47761977,1
-0.8202771,0.8536838,3
0.3039192,0.42021406,4
0.5607945,6.122589E-4,4
0.04883349,-0.31802785,1
-0.33478713,-0.10672021,1
-0.45152724,0.16198397,1
0.74952245,-0.50603366,3
-0.4248526,-0.7085992,2
-0.6084008,0.7603774,3
0.9358288,-0.00658226,4
0.1617477,-0.06587136,4
-0.2998098,0.9810374,4
-0.8042284,0.057534933,4
0.77630234,-0.38364077,4
0.21278012,0.5049224,4
0.77239037,-0.6798445,4
0.21353424,0.4069097,1
0.5549084,-0.9775969,4
0.13454378,-0.12095332,1
-0.11310196,0.2570839,1
0.84747183,-0.8890841,3
-0.097093225,0.9588393,4
-0.013402939,-0.1433835,1
-0.62244785,0.7649559,3
-0.19558382,0.11384392,1
-0.18450308,-0.45093155,1
0.27132297,0.7000202,4
-0.31379783,0.06881809,1
0.88912547,-0.4070301,3
0.6502135,0.8299023,2
-0.017266989,0.6612793,4
-0.06313872,-0.8251747,4
-0.70209956,0.13458598,4
0.12832606,0.75732136,4
-0.9657959,0.01292038,4
0.05603254,-0.33625424,1
0.7352989,0.3247205,4
-0.33236778,-0.81756115,4
-0.78001285,0.7261393,3
-0.38393438,-0.4245839,4
0.3511666,-0.916963,4
0.47953355,-0.36088645,4
0.16259718,-0.8479166,4
-0.32496977,-0.9014783,4
0.30486655,0.66222644,4
-0.6099746,0.71115077,3
0.7961396,0.35847104,4
0.77752733,0.31026495,4
0.7186477,0.9885671,2
0.060790062,0.92632353,4
0.765862,0.7033404,2
0.593063,-0.2789799,4
-0.63895154,0.0904423,4
0.8042946,-0.80867803,3
0.3371514,-0.31695008,1
0.12278211,0.4266007,1
0.051355004,-0.4975803,4
-0.53927815,0.8396964,3
-0.1280452,-0.1909318,1
0.3159454,-0.46933758,4
-0.58656013,0.5887203,3
0.6335573,0.48617733,2
0.23508584,0.32766664,1
0.7127538,0.66618574,2
-0.8834381,-0.8590182,2
-0.89273274,-0.39356172,4
-0.55628026,0.9222013,3
-0.62808776,-0.8691864,2
-0.5245737,-0.09563768,4
0.4810872,-0.39881134,4
0.9959787,-0.6031951,4
-0.05460024,0.787696,4
0.5642499,1.8799305E-4,4
0.2775538,-0.9640417,4
-0.64699984,-0.15565145,4
-0.9812813,0.62181365,3
0.6207733,0.76321816,2
0.19689739,0.7203218,4
-0.53384876,-0.5944574,2
-0.47436333,-0.9493457,2
0.23586118,0.111649275,1
-0.69365895,-0.2813661,4
-0.28124225,0.7288631,4
0.5490699,-0.14451468,4
0.8710655,0.12639558,4
0.13804913,0.6533668,4
-0.40977466,0.28518546,1
0.60497725,-0.7680479,3
0.81754434,0.53492844,2
-0.37397683,-0.3746246,4
0.368904,-0.7370852,4
-0.36158895,-0.018280268,1
-0.52893496,-0.13026536,4
-0.9105319,-0.4448725,2
0.6763654,0.69909894,2
0.5983833,0.5245048,2
0.38421583,0.39171243,4
0.9606402,0.036147594,4
-0.02343607,0.4633181,1
0.35293603,-0.8349912,4
0.07194686,-0.2822324,1
0.39525902,0.14638996,1
0.9040382,-0.27834475,4
-0.2965771,0.08360827,1
-0.9375925,0.34645915,4
0.37329984,-0.18649733,1
0.65000975,0.4290743,2
-0.20299637,-0.26644242,1
-0.2572404,0.90647316,4
0.32120693,-0.026767612,1
0.0068457127,0.43516695,1
0.8518933,0.8400731,2
-0.34099662,-0.475577,4
-0.069134116,-0.9374336,4
-0.5784868,-0.010716081,4
-0.07202661,-0.15412104,1
-0.93164754,0.8792037,3
-0.17263865,0.48537278,4
0.6977538,0.18912888,4
0.71665204,0.49023318,2
0.65961576,0.531795,2
0.50171936,0.18181205,4
0.18388617,0.4682969,4
-0.19719279,0.019533753,1
-0.1326009,-0.66225195,4
-0.2247014,-0.104099035,1
-0.52369666,0.14304805,4
-0.5235231,-0.6985601,4
0.49448752,0.10401845,4
0.64185536,0.20934522,4
0.16448987,-0.23933852,1
-0.55539334,-0.43605137,2
-0.7229625,0.17556846,4
0.127864,-0.096128225,1
-0.03284204,-0.7214112,4
-0.69064915,0.5376668,3
0.40145028,0.95717025,4
-0.3484707,-0.79268587,4
0.005013466,0.56664455,4
-0.37141418,0.09400809,1
0.10103953,0.21282601,4
-0.080103636,-0.582114,4
-0.113395214,-0.6812813,4
0.039649487,-0.0866307,4
-0.41539347,-0.34637344,4
0.69911945,-0.7975476,3
-0.068665504,-0.0152055025,1
0.18580699,0.87338364,4
-0.5936891,0.23289323,4
0.68664277,-0.5870806,3
0.118395686,0.9309889,4
-0.99271536,-0.4752463,2
0.67404807,-0.28294086,4
-0.5891727,0.9136481,3
0.35129046,0.69122016,4
0.9093356,-0.25367272,4
0.3779161,0.58762324,4
-0.36772954,-0.015693903,1
-0.7974242,0.21904111,4
-0.9430629,-0.81386757,2
-0.26394093,0.8431363,4
-0.48571038,-0.8521724,2
-0.49079144,0.6559682,3
-0.17870235,-0.13607657,4
0.4057095,0.5937283,2
0.10409248,-0.46808207,1
0.80071735,-0.17911887,4
-0.43691278,0.015052438,1
-0.73510385,-0.14886808,4
0.0011279583,0.33333004,1
-0.44544852,0.75507534,3
-0.57934725,0.2955588,4
-0.7239512,0.08519721,4
-0.091180086,0.81422794,4
-0.6017624,0.9344162,3
0.61163425,-0.5365989,3
0.70637727,-0.99202776,3
-0.16208375,-0.8146589,4
-0.45194018,-0.26741493,4
0.58032036,-0.061365128,4
-0.82004523,0.8167578,3
0.6653607,-0.6439189,3
0.63925004,-0.71979594,4
-0.14853084,-0.21728861,4
-0.8798473,0.53008115,3
0.5069995,-0.039155006,4
-0.46772158,-0.24998689,4
-0.0013686419,0.89931226,4
-0.9755275,0.9309701,3
-0.26561224,0.37564003,1
-0.7383405,-0.61168396,4
-0.89055276,-0.859599,2
0.5816699,0.4297086,2
-0.4019494,-0.8390583,2
-0.1656214,-0.76854575,4
0.5338975,-0.28565323,4
-0.75312006,-0.5933846,2
0.2981012,-0.98488784,4
-0.39002,-0.3393309,4
-0.37021768,0.26969635,1
0.85648704,0.42125928,2
0.29820263,0.87627244,4
0.247697,0.8707242,4
0.3622259,0.41883373,4
-0.018218398,-0.7013799,4
0.8843132,-0.78349435,3
-0.84938145,-0.5878658,2
0.7539644,-0.360489,4
-0.251271,-0.66053677,4
-0.056948185,-0.7533196,4
0.6544311,-0.48736656,3
0.6975298,0.5369526,2
-0.98098695,0.659837,3
-0.96281326,-0.92219675,2
0.29913497,0.5331836,4
0.99987936,0.6715579,2
-0.6678779,-0.5549382,2
-0.20722616,0.7191304,4
0.005445242,-0.84630644,4
0.7990174,-0.41743708,3
0.5156752,0.30257988,4
0.9326632,0.9565816,4
0.19125152,0.54379034,4
0.82888854,-0.48950374,3
0.01618135,0.10500598,1
-0.1129452,-0.06170261,4
0.3641584,0.5282595,4
-0.8347341,-0.39623106,4
0.8885063,0.012889028,4
-0.48018348,0.9572463,3
-0.2108463,0.6227473,4
0.9072032,-0.73107326,3
0.08176875,-0.36700344,1
-0.7905128,-0.8078729,2
0.94999886,0.6543143,2
-0.82467926,0.6903404,3
0.7131909,-0.5269203,3
0.24007559,0.74469256,4
0.911888,-0.3014722,4
0.37296844,0.5225626,4
-0.060622573,-0.43747866,1
0.4565363,0.3600607,4
-0.21707296,-0.6911942,4
-0.013918877,-0.81486356,4
0.7950959,0.9782094,2
-0.46554315,0.87134147,3
0.4134289,-0.12274027,4
0.5130464,0.12192464,4
-0.079859495,0.29837334,1
0.45813477,0.27450788,4
-0.36595535,0.6856483,4
-0.76843023,0.6004499,3
0.8513138,0.04967022,4
-0.8053435,0.98614526,3
0.8042513,-0.6396589,3
0.33357024,-0.8845806,4
-0.09629738,0.9539616,4
-0.26358235,-0.69345784,4
0.5283209,-0.53979516,3
0.9935036,0.93745244,2
0.4567833,-0.7458017,3
-0.85294795,0.41329038,3
0.12201321,0.5686767,4
-0.22408319,-0.2553234,1
0.5187328,-0.76944494,3
-0.18393934,0.8246833,4
-0.9760132,-0.85773087,2
0.62391865,-0.7583128,3
0.057650685,-0.0708344,1
0.479365,0.64497364,2
0.80421543,-0.55753016,3
-0.21517777,-0.9234607,4
-0.979002,-0.5690719,2
0.7141409,-0.048979044,4
0.9091593,0.9452704,2
-0.7005751,0.7998214,3
0.94292235,0.09509754,4
-0.57205594,-0.7132368,4
-0.29952586,0.8249527,4
0.07794714,0.8771138,4
0.26055777,0.12370384,1
-0.46061134,-0.2481718,4
0.809775,-0.5673752,3
-0.3270036,0.39263856,4
-0.9091469,0.603943,3
-0.36067426,0.92569876,4
-0.81569505,0.4653989,3
-0.7037275,-0.18819833,4
0.39378023,-0.4139812,4
0.3201561,-0.3498013,1
-0.50606906,0.92286205,3
-0.33696723,0.46651042,4
0.769402,-0.47330642,3
0.3029369,0.26042497,1
0.58408535,0.49120653,2
0.23228586,0.9712547,4
0.17752075,0.9509636,4
-0.9426216,0.43613696,3
-0.6137599,0.04336059,4
0.2807517,-0.029638767,1
-0.32951903,0.9265351,4
-0.2774948,0.639294,4
-0.14987469,0.20079994,1
-0.9620018,-0.9232936,4
-0.19805408,-0.027421594,1
0.5632571,0.7749175,4
0.9718306,0.9182235,2
-0.55419624,-0.07260156,4
0.19561076,0.49378526,4
-0.4480555,0.8965112,3
-0.49045634,-0.28145134,4
-0.292593,-0.4908502,4
0.27512455,0.49501336,4
0.89835036,-0.42257595,3
-0.6268716,0.25903487,4
0.97632766,-0.42935145,3
-0.71401,-0.9635445,2
0.26719046,-0.94195795,4
0.53291214,0.42985344,2
-0.29189944,-0.46465194,4
-0.63335073,0.07379031,4
-0.8407961,0.99656487,4
-0.5764152,0.09793663,4
0.36349213,0.068606734,1
-0.09712863,-0.47465014,4
-0.52134144,-0.8918632,2
0.7463964,-0.8209927,3
-0.5957233,0.7696799,3
-0.9508079,0.74593115,3
0.99561465,0.15175653,4
-0.9589828,0.06066978,4
0.5518998,-0.49792933,3
0.9145349,0.2851913,4
-0.5902941,0.5639695,3
0.87038517,0.9643873,4
0.8685267,-0.9856651,3
0.24603951,-0.31795394,1
-0.44893217,-0.04114473,1
0.61925626,0.9229276,2
-0.2539462,0.82549584,4
0.73403215,0.0033478737,4
0.27467513,0.1000303,1
-0.84963036,-0.6950103,2
0.82231367,-0.83860576,3
-0.5007088,-0.6226964,2
-0.47815716,0.65580654,3
0.5103029,0.72657156,2
-0.75057995,0.05597675,4
-0.4227283,-0.50469637,2
0.38580823,-0.10444999,1
0.8680959,0.57927155,2
-0.22484708,0.8188424,4
0.9175472,-0.85046923,3
0.71973884,-0.23532426,4
-0.5397874,-0.047038436,4
0.51644266,0.88022006,2
-0.32609677,0.6211029,4
-0.398484,0.7473761,4
-0.2192179,0.4517181,4
0.95008016,0.7385762,2
-0.556447,-0.98847795,2
0.9003191,-0.6813892,3
0.09044838,-0.8411406,4
0.9591999,0.25464725,4
0.16384923,0.3895713,1
0.19919467,-0.70263994,4
0.733456,-0.9954957,3
0.28806937,0.97798824,4
0.101404786,-0.5290376,4
-0.31696904,-0.79231894,4
-0.8175523,-0.92393625,4
-0.4007839,-0.60397625,2
-0.2497747,0.117194295,1
0.41398382,-0.03254354,1
0.32423472,0.38107634,4
0.7166439,-0.98227656,3
0.4395678,0.48519874,4
0.14150918,0.46042466,1
0.6266756,-0.540861,3
0.3912723,-0.18021798,1
-0.5452229,-0.4738834,2
0.73056316,-0.6226232,3
-0.42536604,0.6254283,3
-0.051998973,-0.21328485,1
-0.11990917,-0.3405789,1
0.08182347,0.17832887,1
-0.5615568,0.93630576,3
0.9698874,0.78046894,2
0.034858108,-0.12920117,1
-0.4517131,0.13877738,1
-0.93323946,-0.03469491,4
-0.6604557,-0.28836834,4
0.11604893,-0.17435586,1
-0.84661555,0.67835915,4
0.22129226,-0.22324014,1
-0.31953073,0.60351384,4
-0.22864377,0.5754489,4
-0.93933797,-0.023394346,4
0.95650613,-0.9604858,3
-0.19519472,-0.48862863,4
-0.9316163,-0.62379265,2
0.75167644,-0.82596004,3
0.87475777,0.83339345,2
0.05596304,-0.030219078,1
0.42487526,0.44442225,2
0.098372936,-0.8776318,4
-0.34337413,0.508983,4
-0.5946963,-0.50173247,4
-0.7800511,-0.85065997,2
-0.8260628,-0.9615133,2
0.19684017,0.95309305,4
-0.6138468,0.22413301,4
0.18286073,-0.72463405,4
0.28076637,-0.14427698,1
-0.19414651,0.11814976,1
0.083981514,0.6261736,4
-0.61128557,-0.72433424,4
0.6783571,-0.65682817,3
0.32253087,-0.13250685,1
0.7006023,0.22649992,4
0.38325536,0.6599542,4
-0.896093,0.9399414,3
0.39996684,0.58773255,4
0.018420339,0.44161952,1
-0.81628084,0.19334865,4
-0.025672436,-0.04589498,1
-0.33174765,-0.014733434,1
-0.6524612,-0.8512877,2
-0.29934144,-0.10035169,1
0.5640186,0.50342464,2
-0.34201384,-0.2781297,1
-0.7228695,-0.55225754,2
-0.4934963,0.025912523,1
-0.7642852,0.9924941,3
-0.7819102,0.602736,3
0.39983547,-0.05737531,1
-0.6811465,0.29398608,4
0.5733341,-0.3363998,4
0.33145094,0.8020854,4
-0.14522088,0.18171358,4
0.51739764,-0.30940783,4
0.98109615,-0.070154905,4
0.59120584,-0.16720366,4
-0.64445686,0.964818,3
-0.611042,0.57648575,3
0.7710706,-0.12883508,4
-0.2630117,0.7174696,4
0.74230194,0.5348953,2
0.48017216,-0.53359735,4
-0.89565825,0.9878515,3
0.3708458,-0.9771646,4
0.024280548,-0.5595614,4
0.7853445,-0.021669626,4
0.365461,-0.42821884,4
0.80215085,-0.6550524,3
0.4554205,0.51098144,2
0.83021355,0.2999432,4
-0.03411722,-0.14868855,1
-0.34614146,-0.40944934,4
0.102101445,0.0834955,1
0.821867,-0.7074282,3
-0.6365347,0.3389747,4
-0.13823247,0.445428,4
-0.59983206,-0.27911305,4
0.68051124,-0.13672268,4
-0.2305417,-0.022296548,1
0.6956687,-0.9477433,3
0.7362932,-0.7367977,3
-0.8211788,0.39167595,4
-0.04700327,-0.8738797,4
-0.17318308,-0.21889937,1
0.59660125,-0.5458306,3
-0.21360445,-0.6979381,4
-0.54891336,0.99994266,3
-0.12084162,-0.44851542,1
-0.632113,-0.38428247,4
0.81645477,0.91880584,2
-0.101804614,-0.28295302,1
-0.32990217,0.2860961,1
-0.38804257,0.14528275,1
0.7341014,-0.2765751,4
-0.0035413504,0.86922693,4
0.026925802,0.41637647,1
-0.68651056,-0.05209732,4
0.11373949,-0.6716801,4
0.591488,0.8239291,2
0.93273735,0.93717563,2
-0.92791116,0.46897376,3
0.79987264,-0.22808278,4
-0.5200927,-0.52722156,2
-0.6950909,0.18258226,4
0.9093709,0.6644807,2
0.8715004,0.093538284,4
0.87687516,0.5877757,2
-0.84715676,-0.52693045,2
-0.17490757,0.15265405,1
-0.4545337,-0.87180257,2
0.1825552,0.48667002,4
0.631374,-0.8859323,3
-0.4104221,-0.22775447,1
0.15689433,-0.2700889,4
-0.08291161,-0.5190319,4
0.7523718,-0.69946015,3
-0.27637708,0.8845917,4
-0.22744739,-0.56106937,4
-0.10079777,0.18682218,4
0.6087849,0.5374458,2
0.006160617,0.77473974,4
0.24161828,-0.70070255,4
0.22296584,-0.20706367,1
-0.009450793,-0.19780552,4
0.07246101,0.42528176,1
0.95264935,0.047715783,4
-0.017040491,0.8416443,4
0.53709126,0.27615,4
0.22343886,-0.53192234,4
0.09911585,0.26614475,1
-0.5034028,-7.92861E-4,4
0.10194838,0.82553005,4
-0.9445157,0.19537544,4
-0.3191309,0.9456794,4
-0.19640028,0.14768445,1
0.045476556,0.12896538,1
0.12955427,-0.21663415,1
0.07644737,-0.03106451,4
-0.8395115,0.37069607,4
-0.3154093,0.38464057,1
0.9112661,0.2170564,4
-0.92909944,-0.40329456,2
-0.88996387,0.9450433,3
0.29563606,-0.31685853,1
-0.49261189,-0.6065719,2
0.44437253,0.5503442,2
0.35320723,0.17425656,1
-0.21179187,-0.4545262,4
-0.73089206,-0.6732249,2
0.31528068,-0.28390276,4
0.28930426,-0.83780193,4
0.5631604,0.785512,4
-0.3067515,-0.18868268,1
0.55459034,0.9571308,2
0.7676643,0.7471398,2
0.975062,0.09247851,4
0.8873863,-0.9442382,3
0.87916195,0.6927959,4
-0.29613137,0.590274,4
-0.7053778,0.7157494,3
0.42556298,-0.84464526,3
0.2959695,-0.424132,4
-0.008602738,0.5971602,4
0.8854884,0.88893306,2
0.053676248,0.49075985,1
0.97741306,0.14410841,4
-0.8339689,0.6746887,3
0.46647537,-0.48591375,4
0.34713662,0.6402087,4
-0.5580077,-0.78681564,2
0.97891986,0.48700106,2
-0.46240187,-0.15479982,1
0.11118758,0.7809309,4
-0.8959626,-0.9217751,2
-0.82732725,0.037489533,4
0.2378949,0.01153779,1
-0.32663262,0.17578423,1
-0.6804713,0.45927942,3
0.94440806,0.20523596,4
-0.27467072,0.098609686,1
0.9686332,-0.25209546,4
0.43952966,-0.68636453,3
0.775509,-0.09340918,4
-0.5068034,-0.1061362,4
0.77513564,0.21546817,4
-0.99555576,-0.008953214,4
0.30869305,0.4082836,4
-0.54868543,-0.61438215,2
0.03072226,-0.7155415,4
0.9559357,0.16588259,4
0.9014977,0.02851069,4
0.9104984,-0.39879024,4
0.84891474,0.19253206,4
0.9624387,-0.9237828,3
-0.6322615,0.5366508,3
0.34079206,0.65134966,4
0.75405276,0.89332783,4
0.9710187,-0.03908491,4
0.5649874,0.9790968,2
0.6717924,0.023573518,4
0.45797837,0.51826787,2
0.70390165,0.43251586,2
-0.9295213,-0.63453686,2
0.4300518,-0.30641747,4
-0.011747003,-0.17883682,1
0.7720746,-0.32936478,4
0.7276491,-0.9378774,4
0.8456203,-0.20205891,4
0.52740455,-0.81230867,3
-0.39053762,0.675902,4
0.70210004,0.24342024,4
-0.39232183,0.07768214,1
0.40480292,-0.21632934,1
-0.26341486,0.89006245,4
0.56418645,-0.8014765,3
0.82705355,-0.45385373,3
0.36191,-0.45158243,4
-0.39169753,0.8595389,4
-0.63544905,0.505955,3
-0.69088614,0.68595505,4
-0.35395956,0.2564795,1
-0.8789687,0.48686254,3
-0.4187256,-0.6405642,2
-0.9892988,-0.38679695,4
0.42937183,0.7355772,2
0.85418844,-0.9397794,3
-0.07073343,-0.08248341,4
0.82483375,-0.92066574,3
-0.6555594,0.7223034,4
-0.62916636,-0.44718146,2
0.41412616,-0.81591094,3
-0.8990203,0.77407134,3
0.014224291,0.6604067,4
0.9445747,0.6115602,2
-0.39219964,0.30453598,1
0.7796873,0.3512714,4
0.8673296,-0.8815254,3
-0.5764704,0.77315104,3
-0.81045413,-0.5510024,2
-0.8701035,-0.027487516,4
-0.6062542,-0.737586,2
0.5660157,-0.58667934,3
0.44425702,-0.21522379,1
-0.024270773,0.34315526,1
0.5347754,-0.9800539,3
0.03393042,0.0034208298,4
-0.9037267,0.017781258,4
-0.64388597,-0.56110096,2
0.926579,0.99478364,2
-0.2754811,-0.23615038,1
-0.1208781,0.18040776,1
0.8631277,-0.032463193,4
-0.8615246,-0.1786282,4
-0.35585022,0.70507586,4
0.24288142,-0.19865775,1
-0.23992133,-0.4954548,4
-0.6333442,0.20995343,4
0.9323572,0.3676566,4
0.06728923,-0.6787088,4
-0.5864992,-0.05011034,4
0.85703945,0.34789288,4
-0.24696803,-0.060467005,1
-0.9895562,-0.9039891,2
0.8285099,-0.91167486,3
0.8270266,-0.7529404,3
0.8732554,0.56274927,2
0.8537924,-0.9984102,3
-0.8826972,0.5515876,3
-0.88185775,0.92777085,3
-0.89135253,-0.14298737,4
0.92163646,0.44266725,2
0.73756707,-0.8229474,4
0.116921306,0.595211,4
0.15575087,-0.60757697,4
-0.78105915,0.34697473,4
0.21164119,0.7762377,4
-0.39939773,0.0010256767,4
0.35416842,-0.9598279,4
0.5498965,0.862733,4
-0.102479815,-0.34570265,1
-0.33830178,-0.48367584,4
-0.21007848,0.9137782,4
-0.39972425,-0.7186717,4
0.06717813,0.18845761,1
-0.60048294,0.81675255,3
-0.9984276,-0.32608616,4
0.18170989,-0.02267778,1
0.112772584,0.5530158,4
-0.11083579,-0.041492224,1
0.9855659,0.09031379,4
0.7819561,-0.34901357,4
0.9225278,-0.21136212,4
0.39516628,-0.31219447,4
0.78926766,-0.6884308,3
-0.17794263,-0.8962741,4
0.33959424,-0.7844213,4
0.82707894,0.4757607,2
-0.22969234,0.7585298,4
0.0128906965,0.37120986,1
0.8518342,0.3891878,4
0.07147205,-0.37494624,1
-0.40112936,-0.006010413,1
0.69749594,-0.051199794,4
0.18994439,0.9404783,4
-0.29451847,0.19200528,1
-0.23600936,0.4885428,4
-0.32686388,-0.2962948,1
0.9859742,-0.3727889,4
0.42238104,-0.03557098,1
0.16300869,0.65190375,4
0.6633111,-0.01828444,4
-0.06672764,0.47820663,1
-0.40618885,-0.3927523,4
-0.7788807,0.67630136,4
0.15378201,0.45566595,1
0.5800998,0.12551475,4
-0.8353845,-0.17149818,4
-0.20983887,-0.91677165,4
0.8606243,0.9689163,2
-0.21079195,-0.790509,4
-0.47338617,-0.7590785,2
0.16599035,-0.08993423,1
0.64874935,0.5099379,2
-0.47000515,-0.6216955,2
-0.75718546,0.9303371,3
-0.73580754,-0.6541538,4
0.59629726,-0.507969,3
-0.21743739,-0.002714634,1
-0.8170363,0.74223566,3
0.09555256,0.5463916,4
-0.72237015,-0.34744263,4
-0.6130061,0.68987715,3
0.56816745,-0.6691047,3
0.94537187,-0.8573035,3
-0.26707745,-0.45513737,4
0.34807968,0.549611,4
0.9835489,0.16961491,4
0.312922,0.5109396,4
-0.63310087,0.15805101,4
0.8059683,-0.065930724,4
0.07421839,0.30226445,1
-0.09368479,-0.30015194,1
0.87814915,-0.48151934,3
-0.77410936,0.66354895,3
-0.5442959,-0.34891486,4
-0.5201297,0.6070063,3
-0.18746388,-0.9754752,4
-0.31684196,-0.97082293,4
0.5035986,-0.572482,3
-0.3195765,-0.2504462,1
-0.64795995,-0.9661732,2
-0.020353913,0.94138765,4
-0.109502316,-0.41527653,1
0.4394946,0.06975663,1
0.23028874,0.11971223,1
3.8731098E-4,-0.16248524,1
0.85702395,0.4840157,2
-0.117964745,-0.470883,1
-0.7118871,-0.8308649,2
-0.30219328,0.47813106,4
-0.3226881,0.9230547,4
0.7606679,-0.25329387,4
0.07052553,0.80579305,4
0.5894711,-0.29926658,4
0.14096844,0.51047456,4
0.57664955,0.1927216,4
-0.7118288,0.65486145,3
0.10459721,0.6152774,4
0.2501794,-0.09245193,4
0.7937609,-0.8849082,3
-0.9671825,-0.1450702,4
-0.33461547,0.011471391,1
0.9430078,0.7491571,2
-0.16378284,0.7072134,4
0.80298233,0.5717044,2
-0.58936036,-0.8610176,2
-0.68352926,-0.12087464,4
-0.69748664,0.36433673,4
-0.038902402,-0.35088193,1
-0.9509684,0.09886563,4
0.44390202,0.8830353,2
0.40863824,0.16414237,1
0.8503134,0.9876919,2
-0.22570169,0.27142107,1
-0.037646055,0.48786557,1
-0.050171256,-0.0230999,1
0.9334483,-0.2229222,4
-0.48978174,0.26990318,4
-0.25693607,-0.8461895,4
0.8622441,0.48920667,2
-0.19120884,0.8081989,4
-0.7767148,0.46236908,3
-0.65922475,-0.24015033,4
0.065651655,-0.36662185,1
0.481269,-0.8024379,3
-0.3913046,0.10054433,1
-0.17085814,0.5501765,4
-0.06481469,0.76656735,4
0.84050035,0.8881506,2
-0.69790983,0.3337239,4
0.9465387,-0.94863975,3
0.21298075,-0.15219867,1
0.7807833,0.13259375,4
0.7959093,-0.9899932,3
0.17001891,-0.7032621,4
0.12628269,-0.18067122,1
-0.0028045177,0.16855836,1
0.5643145,-0.8371072,3
0.9693917,0.93041253,4
-0.9065391,-0.49335003,4
0.25554144,0.78578556,4
-0.637643,-0.22145295,4
-0.27338827,0.35250485,1
-0.19195533,0.29881048,1
-0.7455553,-0.7500763,2
-0.679996,0.011674643,4
0.88984764,-0.5271387,3
-0.7031127,0.44019067,3
-0.68821526,-0.14996302,4
-0.9247863,-0.01646638,4
0.21242952,-0.45609725,4
0.32419086,-0.6659378,4
0.5949873,-0.5970613,3
0.776592,-0.9845315,3
-0.65618956,-0.6549078,2
-0.7006544,0.29731083,4
0.8992348,-0.42445636,3
-0.95183825,-0.66944337,2
-0.37406862,-0.6892464,4
-0.34683585,-0.2205956,1
-0.1729691,-0.4577,1
-0.12192118,-0.5566584,4
0.3308897,0.36757314,4
-0.047397017,-0.67488885,4
-0.7519212,-0.08680558,4
-0.47987974,0.545773,3
0.47529876,0.83469677,2
-0.7242459,0.27160013,4
0.07517481,-0.84765553,4
-0.24941015,-0.07730234,1
0.07762468,0.013306379,1
-0.51724374,-0.827911,2
-0.5213785,-0.06992674,4
-0.20816481,-0.12736106,1
-0.3046813,-0.4519632,4
-0.12090576,-0.33040106,1
0.8210931,-0.44639254,3
0.70346963,0.69298244,2
-0.70933557,-0.50751376,2
-0.27096832,0.5388273,4
-0.1867199,0.31292188,1
-0.42093992,0.28063452,4
0.023648739,-0.3129809,1
0.46093822,-0.0013843775,1
0.9980681,-0.76270854,3
0.21358597,-0.08892548,1
-0.85372293,-0.29056454,4
0.0040234327,-0.6073179,4
0.84130025,0.3320608,4
-0.5116806,0.24553859,4
-0.4411826,0.65705025,3
0.26725733,-0.24336314,1
-0.042082906,-0.7299738,4
0.23653197,-0.123294115,1
0.16139257,-0.5498432,4
-0.45545018,0.54303527,3
0.69477415,0.13240862,4
0.20601523,-0.5997343,4
-0.63511324,-0.48160386,2
-0.19715321,0.36527908,1
