0.20221758,0.329677,4
-0.66473436,0.8685957,3
-0.10994434,0.20908344,1
0.10605669,-0.14180744,1
0.36288953,-0.8632133,4
-0.1590352,0.73318887,4
-0.88085103,0.77941716,3
-0.5872972,0.14386117,4
-0.95579827,-0.33019257,4
0.093833566,-0.27336812,1
-0.6751025,-0.7081729,2
0.71787727,-0.09555435,4
0.38782573,-0.25417352,1
-0.1966803,-0.96753037,4
0.9000151,-0.66125166,3
0.4376353,0.33490264,4
0.6416892,0.7731943,2
0.7237253,-0.2151264,4
0.7531725,-0.31656742,4
-0.5815257,-0.5594406,2
0.5148907,-0.32172668,4
0.1767968,-0.78393674,4
0.81699395,0.29753184,4
-0.06953907,-0.021546364,1
-0.5516256,0.27328193,4
0.53323185,-0.5976939,3
-0.04733014,-0.7631489,4
0.3176291,-0.15141463,4
-0.41432047,0.90106213,3
-0.86954904,-0.49413562,2
-0.2555927,0.19491446,1
0.9593334,-0.37874246,4
-0.89258826,-0.35375273,4
0.08503759,-0.06476617,1
0.72467864,0.53905535,2
0.0944705,-0.3349898,1
-0.16294277,0.66247714,4
0.8112556,-0.77415776,3
-0.18340373,-0.29682517,4
-0.8949238,0.88397455,3
-0.3637029,-0.55511034,4
-0.86447906,0.21127284,4
-0.790928,0.4948852,3
0.5721524,0.65135884,2
-0.8191954,-0.39225686,4
0.022901773,-0.66202235,4
-0.17621446,0.15097499,1
0.5488192,0.24856627,4
0.9320632,0.05909455,4
-0.103334546,-0.004925132,1
-0.83578,-0.20872498,4
0.5069102,0.44220555,2
0.2802348,-0.23288918,1
-0.9046577,0.2996124,4
0.17369962,-0.30692673,4
-0.015419722,0.05281973,1
-0.69550705,-0.32629013,4
-0.59774077,-0.19514644,4
0.13281572,0.9209982,4
0.494758,-0.86789286,3
0.8512058,0.0374645,4
0.997265,-0.4133669,3
-0.69807327,-0.8457264,2
0.3664974,-0.84393656,4
-0.26862025,-0.39556146,1
0.28545058,-0.29364145,1
0.5103973,0.87671137,2
0.2213496,0.2899214,1
0.94503915,0.7570051,2
-0.51217854,-0.66176033,4
0.10347903,-0.27423096,1
-0.70856917,0.9608246,3
-0.29630482,0.1396147,1
-0.2623824,-0.83397293,4
-0.6834458,-0.004786372,4
0.040294886,0.7034272,4
0.48842812,-0.6114327,3
-0.21442294,-0.12212598,1
0.3349507,-0.22006512,1
0.04617107,-0.61661065,4
0.8898494,0.40049863,2
-0.18109822,-0.31238663,1
-0.060490966,-0.26151586,1
-0.93751335,-0.34088016,4
0.060500264,0.18065572,4
-0.14821076,-0.64878225,4
-0.99887,0.09501207,4
-0.98549485,-0.03807974,4
0.39706182,-0.44501066,4
0.6286448,-0.2133187,4
0.2829697,-0.55780256,4
-0.42623866,-0.24849784,1
-0.22022378,-0.03370917,1
0.941762,-0.6040106,3
-0.5081277,-0.25598443,4
-0.7570934,-0.42600155,2
0.14418244,-0.020578027,1
-0.88064086,-0.12508082,4
0.5898459,-0.7559427,3
0.6704792,-0.9068501,3
-0.74615705,-0.011721492,4
0.5721643,-0.38039315,4
-0.3255049,0.80259144,4
0.50463355,0.20615351,4
0.78413796,-0.33962,4
0.5507531,0.83131516,2
0.7506347,-0.4765681,3
0.51237786,-0.63871837,3
-0.18785858,-0.19447184,1
-0.5161586,-0.29039943,4
-0.7260891,0.8684375,4
-0.8194678,-0.12384927,4
-0.2745005,-0.7367815,4
0.7307223,0.429811,2
-0.8750253,0.24041295,4
0.5393187,-0.631485,3
0.69734335,-0.06143868,4
0.5487888,-0.7619988,3
-0.31283665,0.16029263,1
0.69086015,-0.8454908,3
-0.8984978,0.86626256,3
-0.72189,0.37312806,4
0.8130784,0.55656123,2
0.38330853,-0.21505284,1
-0.46662807,0.9533707,3
-0.12340176,-0.35525656,1
0.88098955,0.6773912,2
-0.9340416,0.7649238,3
-0.97882915,0.36940742,4
-0.8325714,-0.549961,2
0.90944934,0.05124235,4
-0.9705522,-0.7343532,2
0.21819818,0.16129911,1
0.61982715,0.4964627,2
0.21048045,0.5506686,4
0.53461885,0.4639715,2
0.11103535,0.03311491,1
-0.22137403,-0.71156454,4
-0.44549966,-0.28340137,4
0.03922069,-0.4478979,1
0.40712476,-0.9713687,3
0.15938258,0.91588724,4
0.87386644,-0.695104,3
0.73750603,-0.19131732,4
-0.7827511,-0.51143575,2
-0.4246291,0.31912255,4
0.57038534,-0.27916002,4
0.34680772,-0.8818805,4
-0.042656302,0.74310064,4
-0.5298493,-0.9366436,2
-0.71709085,-0.7236887,2
0.33901167,-0.4837383,4
-0.8132514,0.881984,3
0.37322307,0.89534557,4
0.12556648,-0.3263191,1
-0.7261319,-0.37987852,4
-0.90286314,0.17553163,4
-0.47625327,-0.27417672,4
0.88033164,0.89320517,2
-0.58556795,-0.09655464,4
-0.11757326,0.57595336,4
-0.06555939,0.030635834,1
0.21833694,-0.19061017,1
0.9805043,0.7887459,2
0.66316247,-0.29664552,4
-0.42060518,0.43002903,3
0.8751737,0.927312,2
-0.96962225,0.36369026,4
-0.988891,0.027731895,4
-0.66092527,-0.07736182,4
-0.19727433,0.12205744,1
-0.42011368,-0.53689814,2
0.5168518,0.028742433,4
0.14559627,0.045364976,1
-0.006089449,-0.8382566,4
0.91483796,0.9985814,2
-0.045535803,0.099435925,1
0.23238444,0.32316244,1
0.10091257,-0.95566916,4
-0.40872014,-0.77901053,4
0.2060157,-0.77235985,4
-0.73562396,0.5782639,3
-0.3403703,0.19659758,1
-0.97066116,0.3655616,4
-0.4082011,0.12715197,1
0.63650167,0.89477897,4
0.054484487,-0.24499631,1
-0.7090125,0.49784625,3
0.080341816,-0.19303608,1
0.57654595,0.7837938,2
0.013508558,-0.6737368,4
0.2091502,-0.16271949,4
0.090016246,-0.4141606,1
0.53966224,-0.03814435,4
0.96256816,0.6324886,2
0.8429774,-0.7858678,3
-0.60046196,0.52577424,4
-0.62944174,-0.6685474,2
-0.11770582,0.5728302,4
0.8285109,-0.7114332,3
0.80984867,0.13413918,4
-0.06078708,0.5190115,4
0.13807714,0.7403437,4
0.8507416,0.74532354,2
0.4904598,-0.8477669,3
0.4991666,-0.4390093,3
0.17243564,-0.95209,4
0.6763588,0.7352301,2
-0.16119754,-0.79202354,4
0.4149928,-0.9974561,4
-0.11598647,-0.4623387,1
0.16918671,-0.429366,1
0.7146323,0.18167675,4
-0.3327477,-0.6495801,4
-0.7640258,0.84055793,3
-0.10593295,0.14460361,4
-0.7899227,-0.84589624,4
0.6475791,-0.83954084,3
0.249969,0.25127113,4
0.45013332,-0.87396204,3
0.9001614,-0.16785252,4
-0.8491889,0.29218876,4
0.50524914,-0.40811932,3
-0.06979716,0.9209373,4
-0.39694452,0.1545012,1
0.5712768,0.37431717,4
-0.1253283,0.52834773,4
0.9672574,-0.7358774,3
-0.027897835,-0.63775265,4
0.50124073,0.23483956,4
-0.86706793,-0.18269598,4
-0.9916576,-0.46053886,2
-0.75521827,0.88981664,3
0.06462526,0.9911802,4
0.75363004,0.10715544,4
0.7760794,0.28774834,4
0.7829329,0.92218924,4
0.22070765,0.29628563,1
-0.4991492,0.87536466,3
0.5824896,0.46113455,2
-0.15681624,0.024788976,1
0.23158133,0.6165314,4
-0.008373737,-0.6996968,4
0.2118684,0.7764511,4
-0.40013933,-0.24756324,1
-0.23648894,-0.3088224,1
-0.7244756,0.25728178,4
-0.32933605,-0.1941942,1
-0.3183905,0.1708715,1
0.41443157,0.8991078,2
0.50801635,0.07902098,4
0.11309612,-0.6360272,4
-0.65173674,0.58534193,3
0.5250064,-0.8613459,3
0.19027603,0.584455,4
0.8107345,-0.705294,3
0.49058938,-0.008971214,1
0.10487783,0.10617101,4
-0.7415036,-0.52138627,2
0.9803405,0.25225914,4
0.54064953,0.5837029,2
-0.27621257,0.22810304,1
0.9232509,-0.64857626,3
0.67359793,-0.30609357,4
0.38655436,-0.441046,4
-0.11737239,0.74281716,4
-0.17980242,0.91438603,4
-0.45969594,0.56171715,3
-0.16190231,0.066182256,1
0.2644683,-0.080614924,1
-0.68238664,0.03971696,4
0.097310305,0.39857078,1
0.02857542,0.9697149,4
-0.5887842,-0.38849592,4
0.1576761,0.8039726,4
0.8818792,0.6194781,2
0.3962115,-0.3769623,4
0.7875484,0.34030008,4
-0.24534583,-0.24658954,1
0.47179794,0.89353645,2
-0.8069892,0.52110267,3
-0.64133036,0.038054585,4
0.045567036,-0.3638494,1
0.4659561,-0.023135304,1
0.5402101,0.016638756,4
-0.8305179,0.21790504,4
0.74249184,-0.009900093,4
0.007292509,0.6089634,4
0.20228231,0.54472554,4
-0.11397493,0.50796974,4
-0.030625582,0.30785,1
-0.11706388,0.3242147,1
-0.10615277,-0.51024723,4
-0.26978385,-0.35837746,4
-0.27749705,-0.4386109,4
0.46064413,0.16049063,1
-0.9321742,0.16315174,4
-0.94041204,0.6619668,3
0.35907245,0.17021883,4
-0.7583213,-0.46433544,2
0.8544316,-0.22939777,4
-0.6629008,0.4049014,4
0.72257185,0.014883399,4
0.37218893,-0.87845445,4
0.8185897,0.88417554,2
0.19322956,0.49223363,4
0.73089623,0.7812408,4
-0.4791242,0.8284532,3
0.2613002,-0.8327881,4
0.46320748,-0.09147382,4
-0.19929898,0.18506765,4
0.78185916,-0.6788477,3
0.28528583,-0.9844587,4
-0.28510964,-0.33903217,1
0.72090447,0.85654414,2
0.09861183,-0.5392444,4
-0.75232613,0.68457615,3
0.06477177,-0.46750486,4
-0.7755203,-0.28665853,4
-0.2532606,0.19378972,4
-0.40307832,0.3932315,4
0.6768631,-0.86964905,3
-0.91040206,-0.6583208,2
-0.0018639565,0.5190114,4
0.5959022,-0.92330325,3
-0.11346841,0.4947163,4
0.021356463,-0.47212827,1
0.7732904,-0.07144809,4
0.81997466,-0.13631618,4
-0.50768864,0.7481816,3
0.56008124,0.8982856,4
0.14763558,-0.8398348,4
0.43368292,-0.8384454,3
0.48548257,-0.48640072,3
-0.08837867,0.3618151,1
-0.4940244,-0.9269303,2
0.53189313,0.34507573,4
0.88087356,0.075972795,4
-0.17704034,-0.5967922,4
0.14906812,-0.82381,4
0.81392026,0.58059394,4
-0.11737609,-0.9220505,4
-0.29955077,0.41385388,4
0.680043,-0.15665019,4
0.66944194,0.11507285,4
0.34409308,-0.42360365,4
-0.80063486,0.303761,4
0.6858721,0.9377177,2
-0.3865373,-0.5246841,4
0.308954,0.80139744,4
-0.042685866,0.21787846,4
-0.5502734,0.6738974,3
0.7287338,0.23220801,4
0.76680255,-0.7054666,3
-0.7007928,-0.14601243,4
-0.22835362,-0.3494488,4
0.26604104,-0.717909,4
-0.9938979,-0.80007434,2
-0.74946404,0.68903995,3
-0.25584555,-0.48681426,4
0.31761813,0.6953236,4
-0.046513796,0.37247026,4
0.54495096,0.37588632,4
-0.44835162,-0.57670736,2
0.11230445,-0.9876822,4
-0.526376,-0.72011626,2
-0.66832745,-0.8487115,2
-0.7182425,-0.97225714,2
0.17242861,0.08027053,1
-0.9409709,-0.8706424,2
-0.34807563,-0.25376236,1
0.3162322,-0.10373509,1
0.6049299,-0.011431098,4
-0.07586682,0.5602087,4
-0.5210732,-0.073097706,4
0.2899959,0.2238282,1
0.04991424,0.9653306,4
-0.0388422,0.019124389,1
-0.93563855,0.30378723,4
-0.2298907,0.12136865,4
-0.75063956,-0.9516165,2
0.014075279,0.5763986,4
-0.2893132,0.7814033,4
0.83073103,0.028873205,4
-0.6084882,0.46658587,3
0.64726377,0.545624,2
0.9420918,-0.6968082,3
0.4235822,-0.9905405,3
-0.0091968775,-0.2941221,1
-0.83790207,0.5251125,3
0.76977503,0.16764617,4
-0.077411056,-0.9044354,4
-0.6690564,-0.34826803,4
-0.34880602,0.17005992,1
0.5759884,-0.08872807,4
0.23166728,0.9762908,4
-0.2243011,0.6773648,4
-0.051392913,0.5071,4
-0.34406817,0.8007581,4
0.3801763,0.49965215,4
0.4774505,-0.51440644,3
-0.52401793,0.38812184,4
-0.9190099,0.5477575,4
-0.69571376,-0.57998407,2
0.22095048,-0.46931517,4
0.20924103,-0.18750882,1
-0.95148575,0.6209971,3
0.4560244,0.09826636,1
-0.044196844,0.28286588,4
0.7763853,0.4843397,2
-0.12628269,-0.88314986,4
0.64547586,-0.64730036,3
0.71677816,0.00897038,4
-0.5083643,0.86630595,4
-0.78665745,0.6644865,4
0.9746547,-0.9012679,4
-0.57944226,0.40337443,3
-0.14951718,0.98873985,4
-0.21259558,-0.6424309,4
-0.5481757,-0.11475968,4
0.8691449,0.80807924,2
-0.4610064,-0.18663108,1
-0.072918415,0.7621769,4
0.6891718,0.85857046,2
-0.8141476,0.12240839,4
-0.2975192,0.56596875,4
-0.2899282,-0.8400104,4
-0.48988354,-0.6704421,2
-0.044723153,-0.7470534,4
0.39561105,0.2706468,1
-0.42050505,0.32527256,4
-0.93069077,-0.90441775,4
0.22337115,0.2434485,1
-0.41073918,-0.040376186,1
-0.64743125,-0.7488822,2
0.68142855,0.4338553,2
-0.97912216,-0.578374,2
-0.40134346,-0.4886508,2
0.9283657,0.7507551,2
0.64586556,-0.46738923,3
-0.4200747,0.092879295,1
-0.44889963,0.6946131,3
0.16131628,-0.85170627,4
0.34368312,0.7062149,4
-0.6097814,0.8067986,3
-0.27286208,0.26896572,1
-0.01617086,0.19352388,1
0.38998568,-0.4652158,4
-0.24756539,0.04603529,1
0.9523803,0.5079404,2
-0.5137135,-0.29035068,4
-0.013061404,0.90874517,4
-0.30964255,0.5830513,4
-0.6768688,0.46073914,3
0.1883148,0.60206497,4
-0.6032424,0.5177398,3
0.73191667,-0.31879663,4
-0.47900867,-0.06660688,1
-0.10204518,-0.019709349,1
-0.084545255,-0.38105726,1
0.008327603,-0.035761952,4
-0.11801076,-0.5710987,4
0.43525243,-0.9975482,3
0.3711115,-0.18646169,1
0.7894212,0.042963028,4
-0.22446382,-0.8918146,4
0.01766622,0.33951592,1
0.20783806,-0.7431061,4
0.5052061,0.98875034,2
-0.77261364,0.78432775,3
0.53414345,0.040869236,4
-0.91997933,0.2766769,4
0.6256757,-0.6814846,3
-0.93268275,0.6996908,3
-0.6159384,0.19851887,4
0.7213423,-0.83361495,3
0.70355344,0.3615476,4
-0.85630274,0.6110953,3
-0.5184405,0.75774527,3
-0.9614774,-0.80418634,2
-0.75746644,-0.50958383,2
-0.26050758,-0.13202691,1
-0.27609253,0.679669,4
0.9986582,0.2149533,4
0.7447969,-0.2896968,4
0.632347,-0.34824562,4
0.33707607,-0.53303516,4
0.23809326,-0.9524795,4
0.81814826,-0.7736052,3
-0.8813335,-0.6150943,2
0.52888346,0.82760036,2
0.44529712,0.9423536,2
-0.8192977,0.77904606,3
-0.40958762,-0.8580431,2
0.6301081,0.45152855,2
0.7044219,-0.71341825,3
-0.020878673,-0.598295,4
-0.79541683,-0.5767555,4
0.06057775,-0.04101801,1
0.09293795,-0.46112204,1
-0.6818361,-0.31381214,4
-0.92110634,0.19940615,4
-0.96193635,0.9624144,3
0.08765113,0.7130625,4
0.16170311,0.22171974,4
-0.98853207,-0.89090014,2
-0.18585062,0.75198376,4
-0.35113096,0.87441146,4
-0.2208879,0.41484487,4
-0.34528446,0.09592688,1
-0.42181373,0.7202867,3
-0.6583388,-0.010429263,4
0.24045098,0.92224956,4
0.5399648,0.6988319,4
-0.933185,-0.39191103,4
-0.6460725,-0.57393456,2
0.7674264,0.18187654,4
0.4846604,-0.6472199,3
-0.2550887,0.7700895,4
-0.16000545,-0.39715827,1
0.2765801,0.4723258,4
0.32150173,-0.80353284,4
0.42052543,0.68805087,2
-0.56889904,-0.7333205,2
-0.44769084,0.24808133,4
-0.8589275,-0.6018262,2
0.9015101,0.12645066,4
-0.99546945,-0.028022408,4
0.099567056,0.5889611,4
0.37730682,0.37031853,4
-0.78110516,-0.16957259,4
0.6042212,-0.7215612,3
0.8826628,-0.91449714,3
-0.90168273,-0.48774934,4
-0.20074463,-0.8267833,4
-0.31096268,-0.49862587,4
0.48439837,0.6956583,2
-0.727808,0.45756543,3
-0.6233461,0.3052684,4
-0.69905114,-0.5546957,2
0.43958378,0.6088176,2
-0.9943831,-0.04133582,4
-0.65071154,0.24332452,4
-0.8367562,-0.8404243,2
-0.07681918,0.21621192,1
-0.28139162,-0.6368723,4
-0.49440086,0.03717351,4
0.7265098,0.4549091,2
0.0141716,0.40628898,1
0.80602574,-0.43682444,3
0.7118257,0.20561063,4
0.58408654,0.6359968,2
0.41366088,0.7926055,2
-0.10063064,-0.13575065,1
0.25421143,-0.44892335,4
0.0044124126,-0.09497559,1
-0.13457799,-0.4282087,1
0.7029501,0.5485413,2
-0.6057067,-0.776953,4
-0.6806909,-0.7143445,4
-0.70147395,-0.3494215,4
-0.67217124,0.22478247,4
0.49882495,-0.54924476,3
0.027638316,0.16165495,1
0.668059,0.8429177,4
-0.15524495,-0.82871854,4
-0.63556767,0.122284055,4
0.4045992,0.91776514,2
0.9881942,-0.5913007,3
0.65219057,0.7032405,2
0.4324261,-0.26579916,4
0.54856646,-0.6447271,3
0.60273194,-0.70879257,3
0.40464568,-0.3702488,4
-0.8136288,0.027271867,4
-0.23103023,-0.98276424,4
0.38611698,-0.8634529,4
0.3360182,-0.29372883,1
-0.30713165,0.6816329,4
0.35815609,0.12865734,1
0.4710877,-0.21096063,4
-0.5228541,0.8242656,3
0.87711227,0.06012094,4
0.6541048,0.20883739,4
-0.99053955,0.41487217,3
-0.39009714,0.7942723,4
0.45548964,0.4210719,2
-0.8353224,0.56425357,3
-0.76419926,-0.10624373,4
-0.10585606,0.8488537,4
-0.44216406,2.553463E-4,1
-0.118095875,0.6819825,4
-0.84065235,0.53536844,3
0.48963773,-0.61154306,3
0.8858243,-0.4169662,3
-0.020451307,0.2209264,1
0.09072697,-0.35690057,1
-0.31739092,0.58054984,4
0.038876414,0.81830037,4
0.29047978,0.88978744,4
-0.95632184,0.7999574,4
-0.0058590174,-0.14125133,4
-0.49369693,0.7000463,3
0.45259702,-0.600572,4
-0.9410788,-0.952952,2
0.4427278,-0.59404564,3
-0.7708223,0.9640386,3
-0.23762858,0.11927414,1
0.49186945,-0.8607497,3
0.97175467,-0.31053126,4
-0.12346232,-0.81167233,4
0.6713371,-0.36714113,4
0.19633973,-0.21032465,1
-0.5806514,0.9861262,3
0.70049095,0.18815923,4
-0.19023836,0.500281,4
0.8246902,0.967119,2
0.15644324,-0.37514794,1
-0.48000777,-0.13188946,1
-0.5513859,-0.037148118,4
-0.25337565,-0.17935205,1
0.47126293,-0.9903023,3
-0.13647258,-0.4845872,4
-0.34000802,-0.3211515,1
-0.44631517,0.32307267,4
-0.7741984,-0.9109889,2
-0.74945736,0.035732627,4
-0.92976665,0.8141618,3
0.047445297,0.1195091,1
-0.48800707,0.12043023,4
-0.97226596,-0.23781908,4
-0.7993084,0.7265543,3
0.88351774,0.92640126,2
0.72067535,0.75503933,2
0.9606317,-0.9052414,4
-0.1410402,-0.7802031,4
0.63145626,-0.043095708,4
0.30239403,-0.3707441,4
-0.88168633,-0.29564726,4
-0.0026512146,0.8904717,4
0.4768932,-0.22418332,4
-0.2884133,0.9055306,4
-0.47156966,-0.31496406,4
0.73353815,-0.22421801,4
0.7949946,0.45542407,2
0.71952593,-0.76781917,3
-0.9864379,0.6517974,3
-0.112828255,-0.49086905,4
-0.3844663,0.37558222,4
0.06004882,-0.8181373,4
-0.21538532,0.117729664,1
0.20114696,-0.980904,4
0.92523646,0.1687504,4
-0.19211912,0.7542529,4
0.3425492,0.77360916,4
-0.6184031,-0.17193604,4
-0.2479707,0.5538918,4
-0.97675765,0.4621762,3
0.4500798,0.7310207,2
-0.081029296,0.9242778,4
-0.9184042,0.7513131,4
0.038202167,-0.073877096,1
-0.85237443,0.043691993,4
-0.72417545,-0.455783,2
-0.5038016,-0.83847773,2
-0.21157897,0.93805444,4
-0.3858956,-0.47470593,4
0.09533477,-0.09634876,1
0.7197343,-0.41832483,3
-0.7442347,-0.62643933,2
0.06818473,-0.8608556,4
0.46727026,0.6917213,4
0.31592834,0.6985507,4
0.29879892,-0.02250886,1
0.6681911,-0.8817173,3
0.57311547,-0.92692995,3
-0.9733732,-0.5686151,2
0.79413533,0.36161065,4
-0.35842907,-0.97570896,4
-0.974157,0.95220876,3
0.65629077,-0.8858082,3
0.44556653,-0.93319035,3
-0.35599232,-0.32022595,1
-0.55209446,-0.39046204,4
-0.8972963,0.93704355,3
0.16205335,0.38390422,1
0.9439682,0.29110193,4
0.037471414,-0.3689294,1
0.79205835,-0.3404225,4
0.35107362,-0.9832268,4
0.6245568,-0.93787277,3
0.52067506,-0.22098863,4
-0.81782556,-0.26314235,4
0.58024716,0.4239701,2
0.10856593,0.60213125,4
0.65831757,0.38675344,4
0.52757406,0.7455673,2
0.056103587,0.69820917,4
-0.6940942,-0.16301191,4
-0.23055923,-0.3478527,1
0.22520912,0.6739583,4
-0.54839814,-0.3607849,4
0.26024532,0.7949933,4
0.1706332,-0.6666056,4
0.84425426,0.26743925,4
-0.5504409,0.84004235,4
-0.11748791,-0.6197679,4
-0.65328383,-0.34729052,4
-0.45426488,0.44728506,3
-0.40773606,0.32957625,4
0.09548581,-0.6422092,4
0.6222286,-0.6422014,3
0.7698345,0.8055843,2
0.7417668,0.8777158,2
-0.7876191,-0.48369563,2
-0.6307161,-0.10219896,4
0.6561861,-0.49315083,3
0.7328975,0.35166776,4
0.7131419,-0.9272051,4
-0.139961,-0.60003555,4
0.10479462,-0.5039145,4
0.18300056,-0.51744854,4
0.68899703,0.539765,2
0.96409667,0.79104376,4
0.21561563,-0.15629482,1
0.41844833,-0.37441552,4
-0.6338011,0.65107155,3
-0.5657085,-0.9579315,2
-0.80977094,-0.81266785,2
-0.9332881,0.23268425,4
0.40517473,0.6759938,2
0.6688777,-0.48072183,3
-0.13983226,-0.3840233,4
0.9914135,0.055339336,4
0.55656123,0.1436373,4
0.9532887,0.034020305,4
0.63775504,-0.24141383,4
0.3323499,0.90377915,4
0.039671898,0.22464216,1
0.3582598,-0.019689083,1
-0.22502697,0.2807969,1
0.8377545,0.045252442,4
-0.6656122,-0.18488145,4
0.009841323,-0.6455952,4
0.86588,0.17367959,4
0.29553962,0.06282067,1
0.43061984,-0.25143313,1
0.3760636,-0.76631033,4
0.13412023,-0.9319607,4
-0.49376595,-0.15657187,4
0.7904378,0.0037783384,4
0.77889955,-0.9361689,3
-0.6014215,0.97779226,3
-0.8162179,0.040840864,4
-0.97947836,-0.27238357,4
0.5015855,-0.18156171,4
-0.009572148,-0.7647667,4
-0.31890666,0.17979014,1
-0.45565605,0.26716745,4
0.80194557,0.5534086,4
-0.81934536,-0.48248065,2
-0.7562729,0.94053054,3
-0.73422384,-0.9092159,2
-0.23747015,0.22113955,1
0.8393203,0.58406925,2
0.2946328,0.08997011,1
-0.46631634,-0.17445529,1
0.3272276,0.8242779,4
-0.3492018,0.17421007,1
-0.78853714,0.10225749,4
0.69938624,-0.028118372,4
-0.070516944,-0.5952976,4
-0.088808656,-0.8025812,4
0.310395,0.42767584,4
-0.40182614,-0.03439629,1
-0.13406873,0.15482211,1
-0.01293385,-0.65218234,4
0.90015435,-0.59290874,3
0.6187153,-0.0969733,4
0.78659785,-0.37739015,4
0.2642151,0.27180755,1
-0.110708,-0.6330111,4
0.23026311,0.654932,4
-0.64710236,-0.079606295,4
0.8008522,-0.18672645,4
-0.4402442,0.9380163,3
0.3408568,0.4668814,4
-0.029583454,0.7453892,4
0.95464253,-0.7262031,3
0.77015793,-0.8176242,3
-0.57214606,0.14302349,4
0.46651554,0.42608714,2
0.60423553,-0.6063429,3
0.5014123,-0.14941275,4
0.62638676,-0.82728493,3
0.3035319,-0.9844935,4
0.9542012,0.43974257,2
0.7528517,-0.23198152,4
0.8368366,-0.21245158,4
0.26593018,-0.6037004,4
0.61192536,0.65420437,4
0.2545539,-0.1781348,1
0.21797156,-0.99699056,4
-0.8779535,-0.47616506,2
-0.93570733,-0.13308203,4
0.16616976,-0.28059602,1
-0.6894287,0.74498355,3
-0.65527475,0.23551726,4
-0.137151,-0.48153973,4
-0.76241887,-0.848454,2
0.47350478,-0.30353737,4
-0.8944396,0.7653036,3
0.8442596,-0.8899977,3
-0.86552453,0.34893548,4
-0.35959172,0.502591,4
-0.82124794,-0.66702676,2
0.25775754,-0.6573539,4
0.57342577,0.48177433,2
-0.20584667,0.38988876,1
0.5656785,-0.61671615,3
0.5260755,0.30045176,4
-0.67391145,-0.2563392,4
-0.47421217,-0.4958744,2
-0.7382051,-0.47047698,2
-0.09194887,-0.9434186,4
0.26916587,0.18221116,4
-0.044106603,0.7356527,4
-0.96620166,-0.34827554,4
-0.9696156,-0.65271425,2
0.6731193,0.8970381,4
-0.14558375,-0.6654576,4
0.9762776,0.3982885,4
-0.82264423,-0.5107399,2
-0.49573767,0.71450496,3
0.54882133,-0.9570825,3
-0.6887959,-0.628999,2
0.52889943,-0.24366438,4
0.29657316,0.05798769,1
0.052466154,0.07936585,1
-0.062770605,-0.78867567,4
0.9712093,0.9444537,2
0.23487568,0.7453909,4
-0.48827326,-0.63987494,2
-0.09574556,-0.33210468,1
-0.48425615,0.021022558,1
-0.4478066,0.73931015,4
-0.35829687,-0.43772662,4
-0.22375047,-0.62723804,4
-0.8084545,-0.5235287,2
0.72211194,-0.5797775,3
-0.77988064,0.72276914,3
-0.035276532,0.6920774,4
0.05540049,0.39124167,1
-0.26835287,-0.6861261,4
-0.7951064,-0.8101655,2
-0.0017814636,-0.305408,1
0.821488,-0.8615198,3
-0.070062876,-0.96118057,4
0.74410295,-0.96533835,3
0.49011457,0.39091134,4
0.76750934,0.11794758,4
-0.48969746,-0.19919312,4
0.712803,0.09524143,4
0.6470257,0.17444706,4
-0.1576978,0.7355504,4
-0.9861083,0.3930899,4
-0.26180565,-0.7674657,4
0.6110351,-0.578635,3
-0.81116676,-4.4500828E-4,4
-0.27301323,0.30525577,1
0.6055428,-0.82674646,3
-0.94240654,-0.094548345,4
-0.89182925,0.3118546,4
0.33462536,-0.7690319,4
-0.041612506,0.50295615,4
0.3024857,-0.17774963,4
-0.57970846,-0.77772295,2
-0.48724794,-0.37589967,4
-0.8520154,-0.56352925,2
0.94999945,0.40640843,4
-0.5842023,0.7362211,3
-0.4193374,0.7037815,3
0.6224649,0.37719107,4
0.8031815,0.32197952,4
-0.5779644,0.09004676,4
0.15481913,-0.23365676,1
0.39340532,0.8984418,4
-0.46249187,-0.99370956,4
-0.6953348,-0.67749906,2
0.6727041,-0.7657553,4
-0.26223445,0.5237572,4
-0.5882095,-0.903527,4
0.96212065,-0.7193234,3
-0.61149013,0.5607215,3
0.59148574,0.9020026,2
0.17384195,-0.049780726,1
0.61009955,-0.56902146,3
0.1471541,0.009851694,1
-0.8836839,-0.009907246,4
0.15123856,-0.58119285,4
0.054408073,-0.2565683,1
-0.9458822,0.13441229,4
-0.93376315,0.4616319,3
0.35603845,-0.38519764,4
-0.5348681,0.4443183,3
-0.32054102,-0.73848236,4
0.080439806,0.5138724,4
0.051997542,0.95664656,4
0.7389065,-0.7307954,3
-0.7626914,-0.15446174,4
0.4663781,-0.22349823,4
-0.37224758,0.6289153,4
0.30846226,0.39630747,4
0.30822957,-0.37010074,1
-0.16734087,-0.66884077,4
0.5025351,-0.52454555,3
0.2628417,0.117996216,1
0.13078392,0.23850095,1
0.8551513,-0.40371072,3
-0.90611863,-0.20828915,4
-0.49532843,0.8539194,3
-0.24098575,0.25190258,1
-0.8780898,-0.34728122,4
0.24987698,0.39493024,1
-0.88667977,0.8794229,3
0.91157734,-0.23499656,4
0.3584994,-0.41529047,4
-0.13909519,0.4628445,1
-0.5808544,0.4129877,3
-0.9580244,0.7174612,3
0.18379211,-0.33854032,1
-0.79450965,-0.9769218,2
0.9325347,0.9704865,2
0.9225005,0.37494612,4
0.03000009,0.22611892,1
-0.2416538,-0.42939436,4
-0.78599,-0.634951,2
0.2106185,-0.24824965,1
-0.03422439,-0.49688995,1
0.22146809,0.35675836,1
-0.8859701,-0.15914214,4
0.3778895,-0.36978567,4
0.21789026,-0.841573,4
0.17527962,0.5418503,4
-0.7573,-0.2723267,4
-0.18089437,-0.6294222,4
-0.63099957,0.2988752,4
-0.55074203,0.08953214,4
0.8336339,-0.94055843,3
-0.31705308,-0.26930177,1
0.033976078,0.09094906,1
-0.23817778,0.3033309,1
-0.280383,-0.09712827,4
0.20358765,-0.66322875,4
0.64649236,-0.2970338,4
0.7779449,-0.09293985,4
-0.5887685,-0.0029966831,4
0.26261604,-0.23428202,1
0.5261737,0.6787195,2
-0.9009352,-0.96277547,2
-0.6723459,-0.262066,4
-0.7616348,-0.9870385,4
0.1933341,0.9595274,4
0.17136216,0.27726877,1
0.22963858,0.7981609,4
-0.45993924,0.61535287,3
-0.15412176,0.8751774,4
0.23191178,-0.40563726,1
-0.3998021,-0.28968632,1
0.68059313,0.1612351,4
0.74752927,0.7826328,2
-0.51692915,0.7569529,3
-0.04558873,-0.24795055,1
0.3864689,0.22500205,1
-0.92168534,-0.62697256,2
-0.812183,-0.62313104,2
0.2755444,-0.6570538,4
-0.38237596,0.8827126,4
-0.5090014,-0.31033885,4
0.52551544,-0.6615664,3
-0.49649477,0.024493456,1
0.9830357,0.462834,2
0.4684744,0.7684684,2
0.2704153,-0.90238583,4
-0.6295055,0.7786492,3
0.86898184,-0.27981567,4
0.6983545,0.6624994,2
0.80442595,0.54934716,2
0.10827601,-0.99447167,4
0.59262407,-0.5563936,3
-0.47280407,0.04687226,1
0.020568728,0.107102275,4
-0.5437784,-0.29797924,4
0.47034597,-0.03548634,1
-0.5732014,0.19266891,4
0.40180397,0.8955896,2
0.8873894,0.25463474,4
0.23274171,-0.9363301,4
0.9414011,-0.111610174,4
0.27835786,0.94910324,4
0.5433328,-0.50548303,3
-0.42018378,-0.5894034,2
0.27369452,-0.114398,1
-0.999403,-0.19810104,4
-0.37720847,-0.80793977,4
0.67311156,0.54079604,2
-0.6605494,0.12984467,4
-0.24193072,0.4645499,4
0.09437406,-0.35684502,1
0.29712105,0.20124483,1
0.44906962,0.855945,4
0.99142826,0.45650768,2
-0.118036985,-0.711879,4
-0.4497435,0.988796,3
-0.2229631,-0.50532544,4
-0.035758972,-0.8910761,4
-0.019144297,-0.004445195,1
-0.02567923,0.9774357,4
-0.6815007,-0.86010075,2
0.98651683,-0.09425032,4
-0.7267369,-0.45660818,2
0.698159,-0.5192708,4
-0.6890149,-0.58443785,2
0.13034666,0.18155408,1
0.6882045,0.46379685,2
0.62194884,-0.67904544,3
-0.8324622,0.2822547,4
-0.11181188,-0.6285355,4
-0.5487559,0.5312067,3
0.038193464,-0.3341763,1
0.21778548,0.424796,1
-0.84728765,0.38595557,4
0.7458776,-0.77316,4
0.9774245,0.4305272,2
0.22205424,-0.87509096,4
0.91914034,0.07848847,4
0.5063988,-0.8100897,3
-0.446823,-0.19593799,1
-0.70936644,-0.8247156,2
0.22077882,0.54854286,4
0.22119689,-0.6339916,4
0.70296097,0.11512494,4
0.9295429,0.6303096,2
-0.28110266,0.8814801,4
0.5788772,-0.09418666,4
-0.010484219,0.068713784,1
0.21320951,0.6805446,4
0.010834575,0.41874933,1
-0.83570147,0.19032288,4
-0.9819155,0.51819706,3
0.16467476,-0.6826081,4
0.7456454,-0.3302232,4
-0.07170868,-0.78117645,4
-0.011926055,-0.85907674,4
-0.7396213,-0.17512763,4
0.9138608,0.25679338,4
-0.8720883,-0.7317836,2
-0.15273142,-0.4958322,4
-0.63193643,0.56923234,3
-0.20508337,0.90593696,4
-0.7281989,-0.2887628,4
0.33852386,-0.5182111,4
0.5154494,0.5952928,2
-0.19085205,0.38602912,1
0.30951536,0.37944078,1
0.27608,-0.6563897,4
-0.33957875,0.6907711,4
-0.5436549,0.7180704,4
0.9702561,-0.69380736,3
0.98358667,-0.7837999,3
-0.57942176,0.8247812,3
0.3738557,0.045029163,4
0.47474754,-0.7642635,3
0.75962377,-0.7739098,4
-0.30501854,0.15160286,1
0.77699256,0.718016,2
0.597242,-0.69419646,3
-0.7312981,0.2990253,4
0.791365,0.5116359,2
-0.1652931,0.7202438,4
0.6197678,0.8911009,2
0.114962935,-0.7902523,4
0.4192723,-0.057025194,1
0.28449976,0.15687859,1
-0.43153656,0.040003896,1
0.7393162,-0.44192958,3
-0.57136726,0.9927714,3
-0.57848275,0.67328763,3
0.31660616,0.27226102,1
-0.14541769,0.48426652,4
-0.986977,0.4097687,3
0.8455899,-0.84361243,4
0.83896863,0.9756539,2
0.5321133,-0.68043935,3
0.14984071,0.3990965,4
0.5732845,0.5976089,2
0.8593558,0.20721757,4
0.880854,0.2789569,4
0.052193165,-0.71261144,4
-0.40478432,-0.43100333,4
-0.8066977,0.5514692,3
0.08815384,-0.37928033,1
-0.56046534,-0.09097242,4
0.17607045,-0.75250506,4
0.69039714,-0.28550577,4
0.96185434,-0.6097461,3
-0.5801859,0.9801116,3
0.36890352,0.5215944,4
-0.6412507,-0.14214456,4
0.53503084,0.5003545,4
0.9826865,-0.6584201,3
-0.22207224,0.47807574,4
-0.86533225,-0.86200595,2
-0.25322926,0.13301718,1
-0.35746264,0.36160612,4
-0.29438114,0.8871491,4
-0.9355873,-0.42825925,2
0.6417879,0.5321795,2
0.09673345,-0.40662742,1
-0.17036033,-0.5818124,4
-0.7936777,-0.027874231,4
-0.64546895,0.53758955,3
0.17748761,-0.4400457,1
0.56073964,0.80556536,2
0.24894416,-0.71498096,4
-0.25550973,0.6269399,4
-0.48242295,-0.675732,2
0.54105365,-0.5313368,3
0.1759541,-0.08086586,4
0.78217435,0.819654,2
0.7072189,-0.69133484,4
0.3784896,0.939482,4
-0.11267495,0.531229,4
0.47197533,0.17822707,4
-0.87824357,0.1342634,4
-0.07869065,-0.52318394,4
-0.30212474,-0.14467192,1
-0.4701246,0.54250693,3
-0.27872026,-0.49820292,4
0.120452166,-0.59730494,4
0.36217523,-0.58138716,4
0.47045362,-0.13679695,1
0.9814637,0.24963868,4
0.9872725,-0.21640694,4
-0.4042127,0.95517206,3
-0.07257438,-0.52855945,4
0.5710921,0.585456,2
0.23154736,0.2383411,1
-0.052357316,-0.18129027,1
0.63226914,-0.16672003,4
0.6510217,-0.55074394,3
-0.021993399,0.87306917,4
0.8914939,-0.7680342,3
0.67236304,-0.11249137,4
0.7805536,0.34957063,4
0.34712243,-0.049069405,1
0.80400705,-0.46183944,4
-0.4217291,-0.3588704,4
-0.22710216,-0.38770032,1
-0.29587388,-0.92533684,4
0.33514237,-0.79889154,4
0.052834034,-0.91697395,4
-0.32202232,-0.4470091,4
-0.19542778,-0.08922577,1
0.89870656,-0.18259037,4
0.32488608,-0.9507735,4
-0.03171885,-0.14337039,1
0.8893926,0.17665648,4
0.55680466,0.25670457,4
0.22866237,-0.09626758,4
0.38568568,0.6215935,4
-0.2798308,0.451298,4
-0.5254214,0.85351074,3
-0.8138732,0.8514532,3
-0.4582975,0.76232266,3
-0.47207034,-0.09470165,1
-0.99196196,0.67453873,3
-0.21801078,0.5326252,4
0.86177087,0.40322065,2
0.5265509,-0.830806,3
-0.9213214,0.835256,4
-0.9825959,0.0131284,4
0.78113043,0.6378528,2
-0.116049886,0.0069867373,1
-0.9016055,0.91420686,3
0.52424,0.22804976,4
-0.9657439,0.6449199,3
-0.5614228,-0.685689,2
0.74512327,-0.79263556,3
0.9021604,-0.2038548,4
0.57443035,0.18676579,4
0.8019016,0.14171493,4
0.35567427,0.09046304,1
0.25906348,-0.56629133,4
-0.898929,0.47708726,3
0.32503438,0.22063911,1
0.6929815,0.5464802,2
0.3139764,-0.9152678,4
0.69002414,0.27058387,4
-0.5265453,0.95417833,3
-0.9499514,-0.8813982,2
-0.14871955,0.5708325,4
-0.21002352,-0.25423157,1
-0.08906865,0.4816954,1
0.85531247,-0.46475017,3
-0.34405494,-0.1363163,1
0.38404548,0.7390728,4
-0.27622712,0.5346378,4
0.52100456,-0.8890363,3
0.53976953,-0.097168684,4
0.7807684,0.52849877,2
-0.88010454,0.013073444,4
-0.30196786,0.061759353,4
0.8857492,-0.27527177,4
0.9982337,0.511891,2
-0.76698244,-0.9851589,2
-0.56760824,0.11141765,4
-0.042394042,-0.86967385,4
0.58779526,0.60071623,2
0.68844426,-0.72813034,4
0.11736357,0.4501301,1
-0.3209833,-0.6119636,4
-0.09773362,0.24603474,1
-0.099939585,0.26500523,1
0.35468078,-0.7980616,4
0.7856648,-0.17046523,4
-0.015972972,0.9889147,4
-0.056327343,0.71715605,4
-0.27779245,0.2440877,1
0.26517177,-0.4753059,4
-0.48881614,-0.98862195,2
-0.21611309,-0.43393457,1
0.43487024,0.40016305,2
0.3662851,0.48956752,4
-0.48138297,0.05334711,1
0.83316326,-0.9023833,4
-0.4871527,-0.181167,4
-0.31086338,0.65229857,4
0.17300677,-0.5779964,4
-0.27580655,-0.2728976,1
0.46330678,-0.410923,3
0.9414866,0.73426414,2
-0.16189992,0.78723,4
-0.06931114,-0.6580752,4
-0.1400218,0.3875612,1
-0.19111574,0.5496602,4
-0.52639127,-0.36609364,4
0.8461957,-0.59894216,3
0.38301253,-0.02025485,1
0.4556179,0.33178353,4
-0.63292587,0.2010417,4
-0.7864524,-0.29561388,4
-0.23186731,0.69748867,4
0.83297753,-0.50207853,3
0.9453534,-0.47995615,3
0.6956792,0.32255757,4
0.21093988,-0.6947316,4
-0.9247918,-0.19976664,4
-0.56258357,-0.22035694,4
-0.08286822,-0.61717284,4
0.67514896,-0.123734474,4
-0.3661257,0.7042352,4
0.2929603,0.17159891,1
-0.27115703,0.8498583,4
-0.548095,-0.9210868,2
0.7291837,0.8102083,2
0.17578673,0.056597114,1
0.7195995,0.077664495,4
-0.5055922,-0.5068356,4
-0.5580797,-0.49953187,2
-0.9354826,0.6497097,3
0.29749715,-0.4613588,4
-0.615224,0.8216262,3
0.06050098,0.16517925,1
-0.63262534,0.3441975,4
-0.10571599,-0.09946227,1
-0.75085616,-0.059545517,4
0.8315854,0.33322752,4
0.19751096,-0.37518704,1
-0.87630284,0.50857925,3
-0.9131781,0.17391217,4
-0.7943598,0.90825844,3
-0.8904495,0.58936214,3
0.8897393,-0.33215094,4
-0.52178776,0.7188829,3
-0.84435165,-0.8271644,2
-0.94080377,0.19113684,4
-0.45109248,0.08430326,1
-0.26404214,-0.74568105,4
-0.21870816,0.05894065,1
-0.64771736,0.19468415,4
0.057089567,-0.07100105,1
0.6102716,-0.8727956,3
0.7646682,0.7677027,2
-0.5224143,-0.26822865,4
-0.42869294,-0.3993981,4
0.5919454,0.5115377,2
-0.64203894,0.62600017,3
-0.6071125,0.4505775,3
-0.05838895,0.0810653,4
0.7084211,-0.79078865,3
-0.5317733,-0.84311855,2
0.82378495,-0.7648661,3
-0.14913762,0.3573879,4
0.106441855,-0.36060476,1
0.53810346,-0.12720025,4
0.050880313,0.96859086,4
-0.3097546,0.6111238,4
-0.6200893,0.6027359,3
-0.24893892,0.02741158,1
-0.54163945,-0.07346225,4
0.46530998,-0.5068315,3
0.8481139,0.8837768,2
0.5317998,0.3288492,4
0.59440005,0.18760729,4
-0.30099392,-0.115637064,1
0.2256155,-0.8363898,4
0.25135493,0.8643893,4
-0.20612705,-0.52103627,4
0.24120748,0.016462564,4
-0.6471369,-0.7322122,2
-0.164137,0.7465241,4
-0.47711718,-0.35621285,4
0.6340046,-0.039404154,4
-0.02844882,-0.09641433,1
-0.059913874,-0.60947037,4
0.8526677,-0.59497595,3
-0.037276268,0.3928069,1
-0.37946248,0.89622355,4
0.27266645,-0.9055605,4
-0.9686372,-0.7482505,2
-0.5929072,-0.32626927,4
-0.62022114,-0.11527228,4
0.30947995,0.52831364,4
-0.4865353,-0.4925009,2
0.6768608,0.93069863,2
-0.2216667,0.57268703,4
-0.767131,0.7590462,3
-0.61001813,0.33863294,4
0.57187843,-0.35179317,4
0.17862928,0.25382054,1
-0.31474948,-0.95835865,4
-0.35775828,0.4787178,4
0.6673088,-0.2569735,4
-0.58258533,-0.527544,4
0.49160588,0.3935982,4
-0.43200743,0.604313,3
0.9281391,-0.94663477,3
-0.41774464,0.5788282,3
0.5214566,-0.87475896,3
0.9923619,-0.1105566,4
-0.53984344,0.2812407,4
0.283113,0.56146884,4
0.4306028,-0.6912818,3
0.21474242,0.5501962,4
-0.11757362,-0.28883326,1
-0.5129055,-0.9345225,4
-0.78156126,-0.49108875,2
-0.86415434,-0.10418308,4
0.45319116,-0.6522783,3
-0.6396085,-0.16343665,4
-0.100936174,-0.05863595,1
0.58083093,0.22564948,4
0.30991518,-0.3253677,1
-0.86209035,-0.9144584,2
0.6234437,-0.8699969,4
-0.24785662,-0.98169875,4
-0.57345843,-0.9124961,2
0.945091,-0.71563256,3
0.28407168,0.7690793,4
0.12083197,0.38526917,1
0.29731977,-0.4161743,4
-0.051354527,-0.26058054,1
-0.069815636,0.101374984,1
-0.6472845,-0.69054115,2
0.2959292,0.74372077,4
-0.97220135,0.7160095,3
-0.36336982,-0.9460118,4
0.3646804,-0.6681745,4
-0.78103435,0.98315823,4
-0.75657666,-0.09587777,4
-0.81227684,-0.43661797,2
-0.04081762,0.12778807,1
0.010811806,-0.06816578,1
-0.75898707,0.3320769,4
0.9123726,-0.9939264,3
-0.82197833,-0.16112971,4
0.10786772,0.34824395,1
-0.049428344,-0.61620665,4
0.06070769,0.057291985,1
-0.62024176,0.5727321,3
-0.5217836,0.8459184,4
0.7316035,0.007021427,4
-0.46365595,-0.65214634,2
-0.24747121,-0.3963747,1
0.23093617,-0.17751157,1
-0.2623334,-0.61659646,4
0.8521286,-0.70615685,3
-0.45686412,0.41136587,3
0.8090768,0.15597153,4
0.61939275,0.8544725,2
-0.4108374,0.84265494,3
0.57539356,-0.3250817,4
-0.8378079,-0.39695132,4
-0.2818601,-0.43272114,4
0.10640836,0.6144935,4
0.85094345,0.040157557,4
-0.9625958,0.38842762,4
-0.81098306,-0.3553115,4
0.9372512,-0.8837496,3
0.22290003,0.23256862,1
0.4701439,-0.45724857,3
-0.30991673,0.44263613,4
-0.6452267,-0.9457663,2
0.6993468,-0.32440865,4
0.7536377,-0.6972488,3
0.6360477,-0.90736353,3
-0.40727627,-0.943282,4
0.10619497,-0.036233068,1
-0.60476005,0.84901416,3
-0.11453807,-0.27568686,1
-0.25350082,0.7136663,4
-0.80267584,0.55532694,3
0.8220334,0.18519092,4
0.04968977,0.9199629,4
0.4888996,0.21994555,4
-0.7319299,0.08863425,4
0.5905782,0.762764,2
0.41302526,-0.30960155,4
-0.5712379,-0.8656149,2
0.6735935,0.45696664,4
-0.4820299,0.07648289,1
0.3631915,-0.08362222,1
-0.30468905,-0.001708746,1
-0.012224793,0.83128726,4
-0.8661802,-0.21019769,4
0.9707804,-0.6705173,3
0.5944687,-0.4544921,3
-0.18387485,0.30438578,1
0.024563313,0.73348594,4
-0.7605617,-0.014255047,4
-0.12853992,0.8274845,4
-0.7034154,0.8143735,3
0.59051967,0.43401778,2
0.9839753,0.30876482,4
-0.8884232,0.21055615,4
0.2276262,0.031977296,1
0.26899493,0.5954435,4
-0.7169744,-0.6405679,2
0.47146904,-0.58806956,3
-0.45995748,0.47418618,3
-0.08114958,0.44630313,1
0.0921123,-0.54173386,4
-0.4209385,-0.34730864,4
0.8073362,0.21504939,4
-0.44251716,-0.8162352,2
-0.41856527,-0.20575535,1
0.86216223,-0.15883934,4
0.8435148,-0.84989583,3
0.45296526,0.35498214,4
0.8635948,0.5699202,2
0.5238217,-0.7273457,3
-0.31607366,-0.7499932,4
-0.6161721,0.20992172,4
0.3767649,-0.35546994,4
0.105006814,0.55024934,4
-0.25412035,-0.0037533045,4
-0.9129919,0.4830103,3
-0.24081445,0.85131764,4
0.2594608,0.7975776,4
0.42624772,0.08083725,1
-0.8600055,0.19926369,4
-0.34419763,-0.7921958,4
-0.32227075,-0.65540767,4
-0.63810885,-0.7051296,2
0.10404563,0.7841619,4
0.6955339,0.35240948,4
-0.32798243,-0.88982797,4
0.94812775,-0.38118613,4
-0.75180626,-0.34074807,4
0.62003493,0.69052136,2
0.87431693,-0.8354733,3
-0.78304565,-0.8798208,2
-0.1460377,-0.35512877,1
0.07760739,0.09947789,1
-0.12063527,-0.693388,4
-0.09963381,0.09021604,1
0.46245587,-0.27117932,4
0.35854995,0.52536964,4
-0.977497,-0.092157006,4
-0.63124883,0.60785663,3
-0.3183757,-0.6996511,4
0.87394226,0.52420723,2
0.33012998,0.31777847,1
0.40753615,0.57226205,2
0.75369275,0.841275,2
0.59557915,0.593742,2
-0.004273653,0.4583248,1
-0.41163647,-0.67022943,2
-0.8586159,-0.29695284,4
0.20120203,0.06669986,1
0.46463978,0.10234249,1
0.7591474,0.94033647,2
0.29576826,-0.78366196,4
-0.8792143,-0.8331996,2
0.7719438,0.08602333,4
0.2192384,0.45494354,4
-0.39373636,-0.44149923,4
-0.03538251,0.55979633,4
-0.4454788,-0.71850026,2
0.10418475,-0.65001345,4
0.61110795,-0.03233695,4
-0.56578684,0.075811386,4
-0.99543154,-0.40994132,2
0.8655473,-0.5029818,4
-0.11008227,0.80802286,4
-0.6315466,-0.8319222,2
0.76924264,-0.86600125,4
0.32498384,0.21505272,1
-0.08710134,0.2703296,1
0.24914658,-0.24279761,1
0.7211944,-0.05268812,4
0.28219128,0.50509274,4
0.44674802,-0.9103098,3
-0.43427145,0.25844288,4
0.88701224,0.10642898,4
-0.9191365,0.4186877,3
-0.9030609,0.37854636,4
-0.20503652,0.3900491,4
0.35366035,-0.18954659,4
-0.25308895,-0.45106256,4
-0.8996992,-0.35149753,4
0.358994,0.620165,4
0.37409425,0.41756666,4
-0.48611534,-0.7930887,2
-0.3102765,0.31698608,1
0.34838033,-0.64652634,4
-0.6716052,0.96633255,3
0.79065835,-0.7187519,3
-0.9276513,-0.20644331,4
0.6940516,-0.06914437,4
-0.19925702,0.94690144,4
-0.7014406,-0.13526285,4
0.3503523,-0.21012068,1
0.09532833,0.67869604,4
0.40887666,0.8208256,2
0.44559395,0.22872901,4
-0.65517783,-0.68547213,2
0.7060728,-0.71922934,3
-0.2564026,0.3962984,4
-0.40571332,0.8627976,3
0.25238073,0.26020086,1
0.28701997,-0.94475126,4
0.8824353,-0.8811743,4
-0.8592223,0.27044165,4
0.084020734,-0.7282983,4
-0.7173431,-0.078584194,4
0.44351685,-0.2999264,4
-0.976254,0.68778646,3
-0.16226804,-0.7530173,4
-0.2974018,-0.7268708,4
0.5215044,0.4381286,4
0.03381896,-0.49400556,1
-0.008696675,-0.7367406,4
-0.4990554,0.19542038,4
0.54448164,0.8325949,4
-0.94756925,0.03292656,4
0.03831792,-0.32801056,1
-0.33291554,-0.2575693,1
0.024835825,0.51355124,4
-0.087540865,-0.60221004,4
0.0167166,-0.3495363,1
0.87598276,0.8331659,4
-0.76668024,0.52384233,3
-0.916042,-0.57493746,2
0.10202265,-0.4422989,1
-0.70282686,-0.07074261,4
0.35706818,-0.8473028,4
0.8332646,0.6906866,2
0.88179255,0.2858547,4
0.12511313,-0.5323298,4
-0.9683336,-0.05780363,4
0.2127446,-0.29713356,1
-0.3617748,-0.4632572,4
0.25874698,0.18149662,1
-0.9445616,-0.6026405,2
0.38530374,0.16907132,1
0.30500674,-0.9584898,4
-0.89176536,0.32274508,4
-0.63930225,-0.859957,2
-0.109909534,-0.9639598,4
0.4140482,-0.5213882,3
-0.88118494,0.4902842,3
0.16031206,-0.33536923,1
0.8748944,-0.19451642,4
-0.29184222,-0.12611604,1
-0.25362933,0.57045984,4
-0.19417322,-0.018378139,1
-0.23833263,-0.6117188,4
-0.2139616,-0.92724884,4
-0.63909423,0.2427665,4
-0.048398852,0.8693701,4
-0.17679787,-0.71343255,4
-0.4958074,-0.7113147,2
-0.9489529,0.83245826,3
0.752684,-0.6161369,4
-0.37614143,-0.5228224,4
0.44299734,0.42772222,2
0.30677164,-0.030971885,1
-0.8639728,-0.0152493715,4
-0.048318744,0.27127242,1
0.8267671,-0.116281986,4
0.91456723,-0.28430545,4
-0.25264776,-2.07901E-4,1
-0.17664564,0.37208104,1
0.36420155,-0.34556472,4
0.5485954,0.4708197,2
-0.46941984,-0.8598064,2
0.30104554,0.0428617,1
-0.24089956,0.14954865,1
-0.98365366,-0.8733337,2
0.55296004,-0.039591074,4
0.48885608,-0.103596926,4
0.5632596,0.99709475,2
-0.95528984,0.54198444,3
-0.37458956,-0.8139292,4
-0.7123343,-0.539569,2
-0.24555731,0.8973285,4
-0.9069506,0.39924085,4
0.431383,0.96477413,2
0.7356987,0.96366715,2
0.29137588,-0.64127564,4
-0.23182237,-0.24974978,1
0.6847875,0.672135,2
-0.6530105,-0.70272374,2
-0.9872563,0.5600455,3
0.9003496,0.99968505,2
-0.32705975,0.86936414,4
0.42365062,0.87704015,2
-0.08519697,-0.96116376,4
-0.278602,-0.5526818,4
-0.7423569,-0.60828125,4
-0.65321577,0.17259502,4
0.08787775,0.17793643,1
0.4617064,-0.2614745,4
-0.1713854,0.97658694,4
-0.82489157,-0.54004073,2
0.65978146,0.1590153,4
-0.75875354,-0.69105566,2
-0.88038695,0.036316037,4
-0.82629323,0.33964097,4
0.9470402,0.13074279,4
-0.34535956,-0.9776192,4
-0.5315329,-0.541325,2
0.17535114,-0.3391416,1
-0.16572106,-0.40211177,1
-0.18193138,0.27897584,1
-0.24362206,0.08524394,1
0.8049054,0.5875982,2
0.0887022,0.6189462,4
0.8275579,-0.28007567,4
0.596555,0.77700293,2
-0.22152424,0.9878917,4
-0.010638118,0.29015446,1
0.13818765,-0.19892776,4
-0.4765029,0.8226546,3
-0.227934,0.4460764,4
-0.85222673,0.52307177,3
0.9702567,-0.30535042,4
-0.90319633,0.56820333,4
0.1320883,-0.22006178,1
0.7740412,-0.53494287,4
-0.26659167,-0.33089793,1
-0.4191811,-0.6707486,2
0.20851195,0.7502724,4
0.6763855,0.5846044,2
0.97882617,0.9731287,2
0.7659247,0.2672845,4
0.910776,0.9080684,2
0.965956,0.80787516,2
-0.517671,0.7119776,3
-0.4000591,0.43863666,3
-0.35932362,0.43148327,4
0.48598337,0.85401094,2
0.7607279,0.87096727,2
0.6086116,-0.2757194,4
-0.18715811,-0.9729636,4
-0.6737312,-0.37627876,4
-0.7428967,-0.14905047,4
0.081085205,0.97829807,4
0.34346533,0.14179611,1
-0.9288366,-0.9591812,2
0.31842458,-0.81032324,4
-0.87311506,-0.7552078,2
-0.27326608,-0.04073894,1
0.5306673,-0.1338669,4
-0.7543819,-0.17284548,4
0.8911443,0.13282132,4
0.42473233,0.0034216642,1
-0.79202247,-0.22234881,4
0.5300015,0.8261994,4
-0.6703979,0.8461052,3
-0.5869446,0.19414008,4
0.46937788,-0.63634884,3
0.90288436,0.094470024,4
-0.65245664,-0.5280105,2
-0.16270828,-0.6077224,4
0.8291776,0.87457633,2
-0.8871957,0.8028377,3
0.119782805,0.06940329,1
0.17499566,0.8234407,4
-0.31238377,0.7357727,4
0.09676707,-0.9925008,4
-0.17704439,0.079013705,4
0.2375983,-0.77792966,4
-0.27385497,-0.607924,4
-0.7888067,0.828856,4
-0.41345263,0.42491615,3
-0.6955261,-0.49110377,2
0.65391207,0.33538353,4
0.81200445,0.5067731,2
0.43379772,0.29421365,4
-0.98157537,-0.31073833,4
-0.48798597,-0.19960296,4
0.19209409,-0.9539646,4
-0.46489918,0.47067654,3
0.09324169,0.2910279,1
-0.10273564,0.08796525,1
0.7627995,-0.986977,3
0.9008237,-0.1429553,4
0.93857074,0.870952,2
0.60276544,0.61999846,4
0.56210124,-0.41101837,4
0.33233953,0.6368836,4
-0.11235726,0.19860613,1
-0.15490353,-0.68141794,4
0.43809044,0.189641,1
-0.8669747,0.68445075,3
-0.44415545,-0.06315386,4
-0.26717186,0.75226235,4
-0.5625285,0.0069999695,4
0.82729733,-0.7932979,3
0.042681456,-0.29394865,1
-0.5775033,-0.4341457,2
0.46493936,0.61721516,2
0.48643768,-0.83390605,3
-0.8597467,-0.9568862,2
0.7189983,0.21158957,4
-0.29658127,0.44786537,4
-0.27521467,0.3506521,1
0.69550586,-0.8885311,3
-0.860754,0.97782695,3
0.72430265,0.24628592,4
0.987342,-0.3129046,4
-0.09744954,0.22009647,1
-0.17875516,0.15945327,1
0.8917037,0.79483473,2
0.34722698,-0.21442676,1
-0.9696367,0.87090003,3
-0.5053493,0.16784751,4
0.38977695,-0.24575746,1
0.08474231,0.106496215,1
-0.7810154,-0.25255203,4
-0.87875974,0.017936826,4
0.88558686,0.6767607,2
0.21382308,-0.50952446,4
0.14653862,0.8247647,4
-0.9287882,0.37926793,4
0.98374236,0.62953866,2
-0.29010975,-0.8752713,4
-0.93369794,0.629446,3
0.84922004,-0.995262,3
0.8287941,0.43718493,2
0.29782712,-0.03958237,1
0.7677412,-0.90964115,3
0.6666796,-0.5340097,3
0.6566516,0.9411738,2
0.5710181,0.8659637,2
-0.89824545,-0.16015768,4
0.53703797,-0.31643033,4
-0.92978,0.7518009,3
0.19185078,0.7158793,4
-0.15414381,0.16966379,1
0.2300576,-0.45842147,4
-0.805956,0.32365513,4
-0.30066752,-0.41872168,4
-0.26892936,0.9997684,4
-0.73994756,0.06334603,4
-0.3813269,0.62469697,4
0.7177582,-0.7910739,4
0.6139327,-0.46538758,3
0.22063577,0.18286085,1
-0.25781214,-0.28258514,1
-0.7122884,-0.8538319,2
0.103048444,-0.91615236,4
-0.94725573,0.40649104,3
0.41204607,-0.02770114,4
0.7618513,0.8787893,2
-0.16726875,0.6023487,4
0.300148,0.79465115,4
0.9170886,0.85192883,2
-0.17356002,-0.018996,4
0.25263476,-0.381189,1
0.8427305,-0.7788353,4
0.72287035,-0.08004475,4
0.29768634,0.9083152,4
-0.14789271,-0.39909196,4
-0.003336072,-0.84957707,4
-0.17707884,-0.65645516,4
0.44070387,0.16561365,4
0.5850543,0.6455487,4
0.94510543,-0.08585036,4
-0.7727047,-0.7103828,2
0.67800367,-0.78093684,3
-0.32703817,0.35113752,1
0.14484262,0.21946692,1
0.5547782,-0.39770412,4
0.1724633,-0.15075529,1
-0.44824064,-0.5403242,2
0.2938062,-0.7294016,4
0.6571059,-0.45191622,3
0.3338946,0.41666234,4
0.44744146,0.45356154,2
0.5106901,0.17427409,4
-0.0030465126,-0.49826193,1
-0.27529466,0.57474387,4
-0.2853278,-0.17267334,4
0.15896547,-0.69620645,4
-0.46552217,0.71379876,3
-0.98653364,-0.24063647,4
0.79452395,0.7692958,2
0.04997766,0.9425813,4
-0.84819484,-0.036878824,4
-0.10102618,-0.15913224,1
-0.5716052,0.9920356,4
-0.8910217,-0.91747546,2
0.25673795,-0.61379945,4
0.623911,0.7715509,2
-0.064920306,-0.57800376,4
-0.27200508,0.8267269,4
-0.15442622,-0.7600391,4
0.60746455,0.11921561,4
0.09076393,-0.6547986,4
0.42327762,0.89564025,2
-0.24651384,-0.8348583,4
-0.3899784,-0.13969135,1
-0.03505063,-0.17677546,1
-0.25567353,0.55866075,4
-0.5436413,-0.23864722,4
0.92886066,0.6223538,2
-0.6796651,-0.8732264,2
-0.953423,-0.44721234,2
0.08100414,-0.7310884,4
0.6088406,0.21696126,4
0.586537,-0.56349814,4
-0.6401429,-0.30783904,4
0.29578197,0.9021299,4
0.2024771,-0.6127192,4
0.51507723,-0.04556036,4
0.49760723,0.7473023,2
-0.3510399,-0.8620906,4
-0.13573277,-0.6031606,4
0.3088628,0.14571095,1
0.31422448,-0.545491,4
-0.5502989,-0.0047683716,4
0.6181736,0.6934583,2
-0.9702306,0.34873247,4
0.9051341,0.22166586,4
-0.7080052,-0.772967,2
-0.43291104,0.26934755,4
-0.49701822,0.18140018,4
0.05045724,-0.9119177,4
-0.75534606,0.28642058,4
-0.84011686,0.4772117,3
0.6802865,-0.27188218,4
-0.45868278,-0.022095442,4
-0.8961481,-0.9566386,2
0.90504444,-0.48326063,3
0.7641194,-0.41606867,3
0.62954736,-0.6919801,3
0.055555224,0.35374475,4
-0.9015019,0.2343849,4
-0.55882955,0.5922624,3
0.8572284,0.9647484,2
-0.1557051,0.77672803,4
0.1641655,-0.4661641,1
0.78383565,0.14530551,4
-0.6787733,0.7853291,3
-0.093515515,0.77391195,4
0.5052419,-0.07929337,4
0.048584223,-0.20667446,1
0.09762001,-0.44966805,1
0.80912983,0.59929335,2
0.7167871,0.44224584,2
-0.62502325,0.6718911,3
-0.60177195,-0.4645058,2
-0.7597617,0.51500857,3
-0.53045034,0.5644095,3
-0.24605179,0.91425323,4
-0.91820717,-0.3463372,4
0.32123232,-0.123754025,1
0.16325212,0.981482,4
-0.5808711,-0.7518325,2
0.6398306,0.75085974,2
0.34364653,-0.33024418,1
0.85586774,-0.30178344,4
-0.30573857,0.8296999,4
0.6846862,-0.33995557,4
-0.54444456,-0.8667277,4
0.2634828,0.27568853,1
0.32074237,-0.04300797,1
0.46650267,-0.039241076,1
-0.7855202,0.7157713,3
-0.47832465,-0.70210814,2
0.2533164,0.5193403,4
-0.06292939,-0.8149129,4
0.25367022,0.66745234,4
-0.39877295,0.898527,4
-0.945953,0.22478378,4
0.48097253,-0.56343806,3
-0.85789657,-0.5009419,2
-0.055580378,0.6821265,4
0.3837154,-0.86502576,4
0.4859959,-0.62110317,3
0.5134752,-0.83324265,3
-0.8320688,-0.7299042,2
-0.9216696,0.6104125,3
-0.5179293,0.4795251,3
-0.052137136,-0.4157797,1
0.16795063,-0.21638775,1
0.14280164,-0.80802953,4
-0.5835912,-0.22351384,4
0.25728095,-0.38066483,4
-0.76516974,0.21858585,4
0.27410865,-0.55553067,4
0.74620724,0.637519,2
0.6925118,-0.50034034,3
0.8794267,-0.6562685,3
0.6663215,-0.43776727,3
-0.8678789,0.7024007,3
0.18656147,0.14729035,1
9.87649E-4,0.5257019,4
0.61716807,0.25098777,4
0.53735745,0.99242306,2
0.7068236,-0.27171743,4
0.265558,-0.08662903,1
0.46183646,-0.3099841,4
0.12907624,0.9270098,4
-0.17576158,0.19067764,1
0.5616571,-0.55129015,4
0.5594102,0.34657145,4
0.4099506,0.4431728,2
0.03785348,-0.94599617,4
0.07244158,-0.9400557,4
-0.75039303,-0.866444,2
-0.93387425,-0.35113335,4
0.6254411,-0.30405438,4
0.7354795,0.5732968,4
0.024888635,0.4122808,1
-0.08993244,-0.61984885,4
-0.17285109,0.071606636,1
0.0061352253,-0.114212036,1
0.61187327,-0.8453765,3
0.54829323,-0.058012128,4
-0.8947321,0.62908196,3
0.22066927,0.9002576,4
-0.4436252,-0.82848406,2
0.7588724,0.30481863,4
-0.2514677,-0.6977217,4
0.26150608,-0.14432871,4
0.43216324,-0.36525464,4
0.4847716,-0.44113576,3
0.987149,0.23722637,4
-0.5805167,-0.19464624,4
-0.53775346,0.58252704,3
0.51821506,-0.20582283,4
-0.5680921,0.42941117,3
-0.4452188,-0.9887595,2
-0.48554456,-0.90901387,2
-0.23133981,0.41946304,1
-0.48201144,0.023534894,1
0.07690978,0.43551314,4
-0.18455553,-0.8329263,4
-0.90813875,0.7428714,3
-0.21412492,-0.3209808,1
0.5606185,0.91779554,2
-0.13226402,-0.0041856766,1
-0.6522819,0.24343526,4
-0.5736543,-0.6214055,2
-0.3763504,-0.7841275,4
-0.15430486,0.24714375,1
-0.79318106,0.036427855,4
0.30575562,0.31639147,1
0.11740625,0.143875,4
0.92468417,-0.025274158,4
-0.4848256,0.5971966,3
0.51748836,0.22769928,4
0.7951096,-0.5590112,3
-0.35684776,-0.050465465,1
0.24774742,0.7173395,4
-0.18502736,0.61536455,4
-0.035110593,0.71670353,4
0.43392873,-0.2380662,1
-0.5530989,-0.87049854,4
-0.39576626,0.90682197,4
-0.28273737,0.40987587,1
0.15606213,0.86349,4
-0.516549,-0.6985936,2
0.6365466,0.47886634,2
-0.88388526,0.82663345,3
0.92351913,-0.96142614,4
-0.35398018,-0.04141462,4
0.36506748,-0.22887862,1
-0.7931272,0.23835027,4
-0.7829895,-0.80052483,2
-0.17202699,0.18494368,4
-0.07219994,0.14914393,4
-0.75892746,0.071293,4
0.4789586,-0.5404806,3
0.028281689,-0.9490993,4
-0.1988883,-0.23164928,1
-0.4722762,0.34349763,4
-0.22823834,0.1975652,1
0.81982446,0.05417347,4
0.8351954,0.14335859,4
-0.3476925,0.73522747,4
0.112348795,0.2940358,1
-0.10867989,0.99592733,4
-0.7689117,0.3755405,4
0.27612925,0.6439011,4
-0.38834417,0.3718102,4
-0.5186051,-0.13367999,4
0.23755181,0.6849941,4
0.63316023,-0.0065994263,4
-0.78009903,0.16214728,4
0.95814943,-0.16650915,4
-0.78149486,0.9008491,3
0.43814468,0.75559795,2
-0.27502012,-0.047665954,1
0.13660896,0.31762993,1
-0.8552784,-0.526209,2
0.93719125,-0.49299753,3
-0.46673167,0.3427304,4
-0.92996037,-0.47052658,4
-0.53213096,-0.8065108,2
0.9675405,-0.112436175,4
0.8846848,0.59981203,2
-0.8815905,0.7467426,4
0.3051306,0.64668465,4
-0.68727016,0.6475848,3
0.5658611,-0.9390136,3
-0.073830605,-0.6772411,4
0.55680764,0.28315198,4
-0.522262,0.75184524,4
-0.72072875,0.11736369,4
-0.4113388,-0.8574605,2
-0.7505834,-0.77050984,2
0.8693831,-0.4593742,3
-0.16149521,0.03208828,1
-0.47277725,-0.5192975,4
0.38855982,0.38636994,4
-0.17745209,0.6022968,4
-0.12937903,-0.5272114,4
-0.5784136,0.33380425,4
-0.14127243,0.2638446,1
-0.9962728,0.26220405,4
-0.8604895,0.3444363,4
0.67735934,0.0023721457,4
0.4543749,-0.9292283,3
0.45969474,-0.49779892,3
0.7270044,-0.03053689,4
-0.73214126,0.53372705,3
-0.40492928,0.11618137,1
0.43929684,0.85253763,2
-0.2675767,0.5100987,4
-0.96624327,0.49825883,3
-0.6120639,0.15919828,4
0.5477495,0.09488177,4
0.8314475,-0.13289428,4
0.5199981,-0.804507,3
0.7674296,-0.76472473,3
0.71137786,-0.6722748,3
0.77042365,-0.8083458,3
-0.2348144,-0.14789057,1
-0.12599635,0.18416917,1
-0.278767,0.5127461,4
-0.19490695,0.15401101,1
-0.059277415,-0.39410734,1
0.6311965,0.8221668,4
0.13999927,-0.42389822,1
0.20955479,0.73379123,4
0.89084685,-0.665014,3
-0.2589501,-0.13080311,1
0.42029405,0.6090219,2
0.61214685,0.5102415,2
-0.80556667,-0.19789803,4
0.7297938,0.511037,2
-0.015089273,-0.08179855,1
0.23365593,-0.81533635,4
-0.1820358,0.5936092,4
-0.9772619,-0.7830306,2
0.5205077,-0.5672163,3
-0.3725487,0.7766584,4
-0.5619818,-0.75752413,2
0.6861875,0.23186874,4
-0.93577623,0.18939555,4
-0.38791788,-0.013859391,1
-0.5186093,0.37449896,4
-0.08432567,0.3254311,1
0.81497765,0.7916868,2
0.44968092,0.45756054,2
-0.519318,0.19540834,4
-0.36167574,0.9354992,4
0.6437831,0.47185707,2
-0.49300373,-0.05627215,1
-0.18924463,0.9723737,4
-0.10906172,0.031312466,1
0.6450684,-0.14183915,4
0.53260994,0.9350959,2
0.81352115,0.031010032,4
-0.31365156,-0.19106865,1
-0.13277161,0.05757332,1
-0.96977973,-0.5439178,2
-0.9895606,-0.794271,2
-0.26551986,0.89667106,4
-0.3422655,-0.9263588,4
-0.9161476,0.16149521,4
0.03807926,-0.4914379,1
0.08079016,-0.006461382,1
-0.6029061,0.8667153,3
0.32033587,0.2906779,1
-0.66506135,-0.7755362,2
-0.0034526587,-0.092475414,1
0.2865523,0.09174025,1
0.7449311,-0.37942803,4
0.88913584,0.7484039,2
0.42973495,0.6410637,2
-0.7248136,-0.62425685,2
0.0689311,-0.56367505,4
-0.32306612,-0.35612082,1
-0.7771199,-0.4553305,2
0.1102041,0.17509735,1
0.3184824,0.31282222,1
0.15049446,0.8601192,4
-0.060677886,0.40207493,1
0.28587294,-0.8727915,4
-0.7294127,0.74488294,3
0.35765636,-0.6236744,4
-0.5795009,-0.38470125,4
-0.2637005,0.3219651,1
-0.752141,0.41884828,3
0.3035531,-0.83041406,4
-0.37425923,0.13881421,1
0.31879628,0.09829414,1
-0.495592,-0.80635047,2
0.018901944,-0.9037703,4
0.47848094,0.40004158,2
0.29006684,0.4474256,4
0.68134415,0.13372052,4
0.72695565,-0.35434198,4
-0.4517759,0.78913057,3
0.37793398,-0.40229416,4
0.27559388,-0.34345138,1
0.46331203,0.5261828,2
-0.28080177,0.27357113,1
0.9565798,0.18045151,4
0.76764524,0.94028306,2
0.68163717,-0.52704775,3
-0.58863044,-0.11953652,4
0.97179914,-0.059388757,4
-0.14623201,-0.9336202,4
0.6743057,-0.32877195,4
-0.6019212,-0.0020650625,4
-0.6681669,0.2618624,4
-0.6687119,-0.69770014,2
-0.83090544,-0.24958408,4
0.37143934,-0.797397,4
0.6449785,0.9188999,2
-0.35953522,-0.21796703,1
0.06931317,0.7554349,4
-0.19998503,-0.633718,4
-0.4178841,-0.8604537,2
-0.7340162,0.40872633,3
-0.95827425,-0.9839479,4
0.5551281,0.59522176,2
0.3740908,0.039114833,4
-0.6186098,0.84371424,3
-0.7002742,0.929304,3
0.59813595,-0.20932245,4
-0.4072262,0.15615332,1
0.86099744,0.18828595,4
-0.52740026,0.70638514,4
0.660606,0.69093573,4
0.45163786,0.6429844,2
-0.49022448,0.6058655,3
0.6082438,-0.18150234,4
0.34572887,0.7812066,4
0.40659332,0.71078885,2
0.83999586,-0.6610831,3
0.058033586,-0.24504864,1
-0.9405198,0.77692115,3
0.31911635,-0.6444367,4
-0.43466294,0.98160565,3
0.8890692,0.67384505,4
-0.6353228,-0.9454098,2
-0.69131994,-0.04993248,4
0.14381063,-0.4204495,1
-0.5701326,-0.6826979,2
0.054641962,0.6978767,4
0.5861417,-0.17643452,4
-0.020930529,0.21415877,1
-0.8313451,-0.74047685,2
0.87386096,0.23904657,4
-0.09115732,-0.09478676,1
-0.57200015,-0.26793253,4
-0.70465326,0.080709696,4
0.37279594,-0.07961309,1
0.18523407,-0.5884439,4
0.54729533,-0.29012418,4
0.23448992,0.68077004,4
0.96854126,0.80815184,2
0.50414,0.54072213,2
0.87304926,-0.42082632,3
-0.6989653,-0.22502816,4
-0.41820455,0.51351047,3
0.26229954,-0.5837592,4
0.63909876,-0.9759015,3
-0.41333807,-0.895563,2
0.016830564,-0.020034194,1
-0.1266185,-0.08357072,1
-0.780494,0.71932566,3
-0.96680737,-0.65359044,2
-0.07826221,-0.1273222,1
-0.0092635155,-0.5608257,4
-0.41052318,-0.41474712,2
-0.22829103,0.76514053,4
0.1819278,-0.14129531,1
-0.5379809,0.5886538,3
-0.05771196,-0.14727426,1
0.820585,0.7903614,2
0.025098681,-0.47624636,1
0.022483349,0.82578564,4
0.82624185,0.17420065,4
0.48053372,0.7767315,4
0.10887551,-0.92523813,4
0.6600052,0.48741865,2
0.1678716,-0.9172007,4
0.796677,-0.14182544,4
-0.8249835,0.2913822,4
0.7522168,0.5336958,2
0.061912656,-0.45498037,1
0.55192065,-0.91675603,3
0.3321749,0.59488714,4
-0.4431678,0.80557466,4
0.3150046,-0.09454322,1
-0.09328771,0.76290214,4
0.112161994,-0.49950182,4
0.9712994,-0.5641173,3
0.35253584,-0.11997819,1
-0.7795365,0.38545,4
-0.33432817,0.22785735,1
-0.8228873,0.9219847,3
-0.49594557,0.5838318,3
-0.788828,-0.39638555,4
0.9494585,0.70215654,4
-0.17403328,-0.1056757,1
0.9835814,-0.9840404,3
0.58247364,-0.931411,3
-0.27129436,0.64198136,4
0.7566949,-0.94525003,3
-0.46795356,0.5690807,3
0.9406308,0.5114372,2
0.49024737,0.67459226,2
-0.73036563,0.4573331,3
0.98875964,-0.4399873,3
-0.6742927,-0.9661981,4
-0.15740871,0.43930078,1
-0.8865452,-0.7982067,2
0.6499034,0.5282161,2
0.29804504,-0.50886583,4
0.16931856,0.14769542,1
-0.58790517,0.73886704,3
-0.3591913,-0.86671257,4
-0.7214856,-0.09975088,4
-0.2009188,0.9973639,4
0.598541,-0.025063753,4
-0.4946462,0.37784076,4
0.9830191,-0.40974855,3
-0.052443624,-0.16615415,1
-0.6812329,0.93068707,3
-0.52599204,0.036199212,4
-0.718722,-0.7031555,2
-0.54246545,-0.6070366,2
-0.5170065,-0.8300582,2
-0.5705782,0.49803507,3
-0.17138469,-0.62645423,4
0.7897786,-0.07968044,4
0.9010513,-0.02169764,4
0.30637264,0.624254,4
-0.73222125,-0.09800708,4
-0.22990239,-0.23675358,1
-0.058704853,-0.6611843,4
-0.25362635,-0.9864538,4
0.794786,0.71362364,2
0.84167314,-0.8117522,4
-0.4357705,0.21923041,1
-0.6748103,0.6143806,3
-0.7336168,-0.4833299,2
-0.33572328,-0.061879873,1
0.037558198,0.24199367,1
-0.02355814,0.67981493,4
-0.14647567,-0.37058222,1
0.09556794,-0.6296315,4
0.2422483,0.23716962,1
0.582757,0.4111097,2
-0.70927763,0.7706373,3
-0.7701349,-0.90610754,2
-0.69831455,-0.1431346,4
0.6776043,0.49926543,2
0.029343605,-0.68766594,4
-0.8039042,-0.75541747,4
-0.65089333,-0.17173493,4
-0.7801069,0.34853256,4
0.78679276,0.06353581,4
-0.13773727,-0.46839905,1
0.60198855,0.60541666,2
-0.762851,-0.28131998,4
0.024710655,-0.42439747,1
0.085642695,-0.717412,4
0.014461994,-0.69427526,4
-0.6070143,-0.5118823,2
0.4381734,-0.96793807,3
0.40680432,-0.5254983,3
0.077386856,-0.36240125,1
0.1757071,-0.6786368,4
0.4635787,-0.2544297,4
-0.57420063,-0.5673665,2
-0.2535367,-0.113378644,1
0.22605097,-0.7058996,4
0.7033255,0.21137178,4
0.9287914,0.0077027082,4
-0.11355126,-0.6316383,4
-0.53410935,0.5281961,4
0.827173,0.4843781,2
0.15486276,-0.18730295,4
0.37770414,0.60979366,4
-0.8575208,-0.8726989,2
0.46869886,-0.37667716,4
0.5015012,-0.051055074,4
-0.53782,-0.98488367,2
0.9946233,-0.8404286,3
-0.3652935,0.19166398,1
0.15276098,0.7251612,4
-0.19941676,0.12633872,1
0.6518457,0.05487275,4
-0.35135877,0.7761091,4
0.35952353,-0.45695436,4
-0.16939652,-0.38128018,1
0.6127094,0.98558843,2
0.33771193,-0.5213593,4
-0.21639645,0.47632337,4
-0.41374862,0.7842647,3
-0.92463267,0.967613,4
-0.5521308,0.9993018,3
0.90735435,-0.5864605,4
0.35781467,-0.04509616,4
-0.7828671,0.40477872,3
-0.24980402,0.7410989,4
0.07239127,0.99384284,4
0.10670936,-0.30354667,1
-0.21070898,0.42812097,1
-0.675475,0.1652602,4
0.4032538,-0.81643605,3
0.0343405,0.8543961,4
-0.9989618,0.94202554,4
0.6278361,-0.9214128,3
0.44623923,0.18249452,1
-0.75748086,0.93615603,3
-0.65130043,-0.9577819,2
0.45161057,-0.33767104,4
0.65595424,0.5940527,2
0.08726466,0.74881434,4
0.38329375,-0.85577226,4
-0.7620456,-0.28477252,4
-0.6681948,0.34336197,4
0.15897357,0.64682984,4
0.32492852,0.45269287,4
-0.3281461,-0.012806296,1
0.77688146,0.8008187,2
-0.6702702,-0.25426495,4
-0.80600774,-0.52234817,2
0.42802155,-0.32667553,4
0.44943547,-0.19612789,4
-0.028532147,0.683195,4
-0.1520139,0.29857075,1
-0.42416894,0.5132177,3
-0.076868534,0.82311964,4
0.21406162,-0.7898263,4
0.44419765,0.7938062,2
0.80395746,-0.26586795,4
0.38087153,0.16583431,1
0.39620078,0.41797352,4
-0.3089255,-0.33525133,1
-0.5945699,0.8685374,3
0.04652071,-0.15518153,1
0.04890454,0.69103825,4
0.4476986,0.83105993,2
-0.8294896,0.6908426,4
0.9111905,0.27591717,4
-0.30477202,0.553849,4
0.2675116,0.66597927,4
-0.0054905415,-0.07785344,1
-0.06838846,0.23526418,1
0.2723962,0.079943776,1
-0.8105178,0.05712211,4
0.36451423,-0.44293082,4
0.7569777,0.15775871,4
0.37527812,-0.82723725,4
-0.8689419,0.86582446,3
-0.09412885,-0.37184978,1
0.26068413,0.7605363,4
-0.95744705,0.12610996,4
-0.3499012,-0.06711173,1
0.027837276,0.7397902,4
-0.40844107,-0.28282714,1
-0.8123658,0.83474267,4
0.47885525,0.22534263,4
-0.691568,0.9178289,3
0.08621335,0.49670935,4
0.7126725,0.85488427,2
0.29703355,-0.6089535,4
-0.27964783,0.21893537,1
0.7644489,0.041679382,4
-0.99822605,0.3060366,4
-0.2481159,-0.79208577,4
0.9607421,-0.5439024,3
-0.0785197,-0.5646887,4
0.003708005,-0.9512317,4
-0.85633695,0.97323334,3
0.06427145,-0.50351167,4
-0.21400094,-0.4371469,1
0.088351846,-0.54859865,4
0.7110573,-0.464252,3
-0.073232055,0.39340532,1
-0.32247066,-0.31283414,1
0.86720383,0.74864805,2
0.65332043,0.6574148,2
0.3397118,0.48618937,4
-0.49044275,-0.765252,4
-0.7525039,0.96797764,3
-0.66223824,-0.099745035,4
-0.6528808,-0.75392985,2
0.879761,-0.4556793,3
0.1515224,0.71925986,4
0.33045197,0.9325609,4
0.117360234,0.61062217,4
-0.0077210665,0.20392513,1
-0.9437121,-0.031743407,4
-0.43413162,-0.32738483,4
0.7236681,0.7274971,2
-0.009975672,-0.5492147,4
0.24073935,-0.003250122,1
0.092794895,-0.8594276,4
0.117637515,-0.8443284,4
-0.7479408,0.20637226,4
0.28467524,-0.06277478,1
0.19793415,0.34250283,1
-0.25222838,0.7296823,4
-0.7598436,0.16131067,4
0.82971597,0.99751544,2
0.45796597,0.505808,2
-0.47323632,-0.596954,2
0.56188,-0.8761282,3
0.24196994,-0.7061477,4
0.39151883,-0.96792233,4
0.7120762,0.71885836,2
-0.84950924,-0.96653414,2
-0.06949484,-0.7836573,4
-0.79520214,-0.389547,4
-0.52134824,0.21975493,4
0.5341996,-0.23286021,4
0.46646273,0.6796583,2
0.8222474,0.9889896,2
-0.0068519115,0.5610876,4
0.86193514,0.50177455,2
0.07438433,-0.72181654,4
0.48421693,-0.65064096,3
-0.672434,-0.37085903,4
0.046834946,-0.9746777,4
0.7585839,-0.8228121,3
-0.96155286,0.45628548,3
-0.023061395,-0.7669345,4
0.55279875,-0.6763016,3
-0.51954937,-0.96825683,2
-0.6435925,0.6108757,3
-0.30999887,-0.5787327,4
-0.95188165,-0.9687973,4
-0.91657126,-0.07121611,4
0.6178967,-0.25125468,4
-0.8786417,-0.9996507,2
0.54162693,0.16576302,4
-0.29414546,0.48437977,4
0.420462,-0.9194137,3
0.025252342,0.081160784,1
0.45293784,-0.061261415,4
0.33135462,0.08113754,4
0.5204226,0.7343192,2
-0.3899976,-0.54032207,4
0.1948762,0.51414,4
0.9743866,0.6766403,2
-0.42033243,-0.34724998,4
0.75266075,-0.77837837,3
-0.29740226,-0.70568776,4
-0.6742507,0.6236708,3
-0.49921393,-0.7740259,2
-0.7516674,-0.6559962,2
0.46334624,-0.25248253,4
-7.2336197E-4,-0.91890895,4
-0.9499645,-0.040358305,4
0.5695381,0.30300534,4
-0.88973606,-0.19465494,4
0.8049607,0.51888156,2
0.60450196,-0.9665991,3
0.88838637,0.17831242,4
0.7638588,-0.4988984,3
0.67270136,0.7839265,2
-0.52836835,0.49187577,3
0.73728514,-0.2944082,4
-0.14991117,-0.4303093,1
-0.6192316,0.54036355,3
0.6149403,0.60567343,2
0.7403525,0.751253,2
0.002752781,-0.820889,4
-0.51136196,0.5691675,3
-0.5782832,-0.3168143,4
-0.35576165,-0.8091421,4
-0.62806416,0.526489,3
-0.31133258,-0.56071186,4
0.8532561,-0.6849084,3
0.43911517,0.9320643,2
0.80534625,-0.36085975,4
0.9973451,0.07408869,4
-0.2443353,0.1710248,1
0.9322927,-0.55382943,3
0.13495314,0.023926973,1
-0.9043746,0.45271587,3
0.9534062,0.48908067,2
0.68113494,-0.3857752,4
-0.5294125,-0.32471442,4
-0.04111266,0.42084587,1
0.016072392,-0.78025603,4
0.89036417,0.7531246,2
0.85207534,0.9716188,2
0.41886783,-0.25281763,1
0.14270484,0.29116035,1
0.63180196,0.506716,2
-0.18729722,-0.03206122,1
0.16976655,0.15309584,1
0.6524352,0.005992174,4
-0.32872796,0.8529494,4
-0.07614231,0.055084467,1
0.13463104,0.15858054,1
-0.8459194,-0.5163629,2
-0.8743398,-0.8792621,4
0.88172126,-0.35332596,4
-0.8191422,0.917737,3
-0.016791105,-0.8836241,4
0.1796354,-0.19688725,1
0.41387677,0.9370682,2
0.5187185,-0.45555842,3
0.1793971,0.9738145,4
0.94166875,0.6141679,2
0.5723381,-0.47133446,3
-0.6935071,-0.8692788,2
0.7090373,-0.8046944,3
0.2068963,-0.9725449,4
0.779261,0.2552085,4
0.061084032,-0.79270697,4
0.24390197,-0.14784384,1
0.13293111,-0.8419901,4
-0.6643461,-0.5514077,2
0.44367397,0.8522172,4
-0.6496259,0.20634556,4
-0.4444058,0.85788596,3
-0.38126063,0.5478332,4
-0.6654433,0.1778518,4
-0.9599253,0.37497783,4
0.5250901,-0.8214681,4
0.60090816,0.88699746,2
-0.72296274,-0.7297628,2
-0.7653183,0.23327827,4
0.49853456,-0.351117,4
-0.06307256,-5.797148E-4,4
-0.72678757,-0.33561325,4
-0.3951553,0.025883198,1
-0.9301506,-0.794256,2
-0.9055995,0.33259106,4
0.43933332,-0.44684005,3
-0.40215468,-0.85252047,4
0.9595101,0.016733527,4
0.8473978,0.0945307,4
-0.4712113,0.6796657,4
-0.74264455,0.4093032,3
0.7498504,0.12332225,4
-0.98962736,-0.52000415,2
0.12882447,0.38041902,1
-0.008610725,-0.19390464,1
-0.7192538,-0.086337924,4
0.24840736,0.9037856,4
0.22392893,0.74947715,4
0.93515205,0.28613353,4
0.17839861,-0.63296545,4
0.94370353,-0.5320467,3
-0.44585335,-0.8030534,2
0.50154006,-0.2790979,4
-0.6417384,0.09269202,4
0.80398667,-0.20227611,4
-0.99106634,0.68679786,3
-0.52512455,-0.44439054,2
0.9222983,-0.9418167,3
-0.3631549,-0.09597647,4
0.38381886,-0.83920395,4
0.28812945,-0.6493814,4
-0.72015285,-0.9477087,2
-0.45057988,0.89414513,4
0.85408664,-0.3167473,4
-0.52075374,0.4191984,3
0.8983197,-0.8144742,3
-0.076492906,-0.599674,4
-0.8782731,-0.13530779,4
-0.35921085,-0.6801665,4
-0.60861635,-0.22944462,4
0.6139767,-0.50819564,3
0.47251368,0.42459476,2
-0.8046733,-0.66857314,4
0.9535905,0.76359093,2
-0.23082411,0.7608874,4
0.011546135,-0.7889129,4
0.1268363,-0.044400334,4
0.945735,-0.55311584,3
0.91507864,0.12809467,4
0.6689242,-0.42049146,3
0.29975247,0.64920425,4
-0.06253266,0.39726448,1
-0.98636854,0.8146727,3
0.6922134,0.30662572,4
-0.530293,0.5581385,3
0.15446687,0.06481254,4
0.22692168,0.7206168,4
0.24747515,0.8411182,4
0.64482665,0.13534224,4
-0.79279184,0.871964,3
0.31320333,0.1793983,1
-0.6168082,0.9157585,3
0.5487437,0.78498733,2
0.5661597,-0.12714231,4
-0.23710787,0.51230156,4
0.38738632,-0.28183663,1
-0.13492525,-0.34638655,1
0.58203447,0.26568186,4
0.86058605,-0.030264616,4
0.8724191,-0.12544072,4
-0.64940035,0.4283147,3
-0.7639028,-0.14905155,4
-0.6650492,0.23701513,4
0.6078304,-0.52212167,3
0.2770598,-0.48817182,4
0.2699355,0.6436262,4
-0.27238846,0.6295316,4
-0.9885317,0.91464126,3
0.8294741,0.70301723,2
-0.8693708,0.8882059,3
0.26448393,-0.9426538,4
0.5940074,0.03519392,4
-0.27403855,-0.033945084,1
-0.7611674,0.6481427,4
0.13145602,0.67119217,4
-0.20841217,-0.41661215,1
0.44784498,-0.06139469,1
-0.37447655,0.7435478,4
-0.48205245,0.3985355,4
0.24420619,0.16295469,1
0.940626,0.39324546,4
-0.11151087,0.23605275,1
0.56733215,0.14637876,4
-0.61906517,-0.6294544,2
0.6713209,-0.719229,3
0.8111348,0.89379203,4
0.026963592,-0.18772459,1
-0.6769531,0.16542625,4
-0.44550347,-0.42882967,2
-0.298185,0.4424994,4
-0.4191966,-0.849301,2
-0.25255096,0.7625531,4
-0.11931503,-0.34107292,1
-0.3917613,0.094637156,1
0.82634866,0.45137608,2
0.06898689,-0.8875576,4
0.23303545,-0.62629366,4
0.8139821,0.36484087,4
-0.029572964,-0.41892385,1
0.67345977,-0.2551906,4
0.041159272,-0.13610685,1
0.42688704,-0.11189902,1
0.50488937,-0.37894583,4
-0.99543667,-0.12587857,4
-0.6810435,0.9961653,3
0.13503087,-0.4379109,1
-0.583483,0.7180027,4
-0.91274095,0.2584113,4
-0.9666337,-0.89470255,2
0.26666605,-0.6142955,4
0.5125042,-0.80513,4
0.035740495,0.5261607,4
-0.93521476,-0.4305153,2
-0.20358503,0.7548418,4
-0.07560861,-0.004101038,1
0.69351125,0.2917198,4
-0.19757426,-0.118847966,4
-0.23975384,0.4398849,4
-0.89624107,-0.55689406,2
-0.2978871,0.21329188,4
0.86796796,-0.29624844,4
0.2641976,-0.9123907,4
0.050550938,-0.44668758,1
0.8785143,-0.3515581,4
-0.5789329,0.39245164,4
-0.2968675,-0.21316731,1
0.12153387,0.018637896,1
-0.84738636,-0.7364371,2
0.95695806,-0.87933755,3
0.47137594,0.27989137,4
-0.35218883,0.82070804,4
-0.20203471,0.98274326,4
0.78960216,0.07353401,4
-0.90896165,-0.0978564,4
-0.5640341,-0.51987386,2
0.0717628,-0.7613126,4
-0.30259538,0.091169,1
0.76907825,0.7443124,2
0.82048774,-0.49288154,4
0.42402494,0.42823458,2
0.010047078,-0.91566503,4
-0.39767802,-0.8436153,4
-0.3473816,-0.19539034,1
-0.63061607,0.6857817,3
-0.9042225,0.8886982,3
-0.61885726,0.18957627,4
0.9233166,-0.11206436,4
0.13511693,0.07150376,1
-0.52635884,0.82355595,3
0.8164408,0.39087427,4
0.69016016,0.8513582,2
-0.027894258,0.623387,4
0.1734618,-0.100026965,1
-0.631147,-0.64704573,2
-0.23213577,0.27464294,4
0.17603636,-0.36780787,1
0.39045954,-0.32784128,4
0.2503922,-0.74532187,4
0.0016621351,-0.31389844,1
0.5178579,0.24975252,4
0.66756,-0.5953932,3
0.8723705,0.3214748,4
-0.2822349,0.9633002,4
0.99758446,-0.9895556,4
0.86677325,0.26448643,4
0.5236281,-0.4479698,3
-0.4250518,-0.94048166,2
-0.84503853,0.003935337,4
-0.014655948,0.34127748,1
0.59267056,0.4029349,4
0.05919814,-0.187886,1
-0.89591324,0.8488859,3
0.700261,-0.39029276,4
0.6279446,0.44508648,2
-0.60373354,0.1561364,4
-0.014700174,-0.059652925,1
0.49749863,-0.37756395,4
-0.8874464,0.69730735,3
-0.07440472,0.88943493,4
0.5937911,0.93011236,2
-0.18487024,-0.65083957,4
-0.61763716,-0.35987556,4
0.7978729,0.9895582,4
0.9664558,0.39496005,4
0.10100579,-0.25886226,1
0.72756815,-0.60393,3
-0.8643483,0.36204684,4
0.07128608,0.092003465,1
-0.30134237,0.33558297,1
0.6940347,-0.34399486,4
0.033949614,-0.4828055,1
-0.6994189,-0.873541,2
0.5157186,0.5327294,2
-0.0325495,-0.5985625,4
-0.42871475,0.95961964,3
-0.9572853,0.39200187,4
0.3276211,-0.44192278,4
0.22472143,0.93191624,4
0.5406076,-0.31754887,4
0.48816252,0.50820816,2
0.99937975,-0.9892353,3
-0.06405294,0.109429,1
-0.8227289,-0.045277357,4
-0.72629285,0.48782325,3
0.88752544,0.21207857,4
-0.52159107,-0.12288201,4
-0.3654498,-0.8354173,4
0.31273675,-0.07302439,4
0.07403946,-0.8093387,4
-0.018343091,0.1401571,1
0.30685663,-0.3611977,1
-0.10340989,0.6258962,4
-0.9104917,-0.5735327,2
0.17914021,-0.0013816357,1
-0.10869515,-0.37380934,1
-0.9520042,0.31193936,4
0.4525336,-0.25374675,4
0.034790993,-0.57432175,4
-0.032261968,-0.24694991,1
0.29757297,0.24015582,4
-0.92075896,0.810361,3
-0.9008421,-0.036595464,4
-0.88224506,-0.30439103,4
0.14161694,-0.3274238,1
0.63688445,-0.7864673,3
0.20451665,-0.6198033,4
-0.45964098,0.2490983,4
-0.0037451982,0.96264243,4
-0.19089699,0.5700166,4
-0.77402866,-0.13993716,4
-0.30496418,-0.19381177,1
-0.4694581,0.6666124,3
0.63119006,0.26251674,4
0.92881584,0.8793671,2
-0.2544285,0.10799873,1
-0.1510694,0.83368814,4
0.3093611,0.4716575,4
-0.67702925,0.020322919,4
0.11668384,0.3367505,1
0.5803195,-0.45070755,4
0.86977136,0.30231452,4
-0.8964435,-0.5351038,4
-0.96872663,-0.2630453,4
-0.036177516,-0.32670116,4
-0.45396447,0.38893628,4
0.541734,-0.45573878,4
0.7832569,0.25725842,4
-0.58348346,0.3728038,4
0.8070487,-0.6338885,4
-0.81026304,-0.43240726,2
0.12771833,0.6917912,4
0.7104969,0.9366689,2
0.49258876,-0.42586935,3
-0.21481943,0.14360785,1
0.53847337,0.68100214,2
0.12909412,-0.9902315,4
0.6488242,-0.1580733,4
-0.6923667,0.60647416,3
0.2887727,-0.86083317,4
0.13737309,-0.07440698,1
0.66952825,-0.86993647,3
0.9992496,-0.9242015,4
0.04324329,0.35937762,1
0.9810355,0.46729493,2
0.4253472,0.17164183,1
0.77384233,-0.4265163,3
-0.30853283,0.57604134,4
-0.019634366,-0.03612852,1
0.72046256,0.43512738,2
-0.51321304,0.7871196,3
0.8827946,0.22759306,4
-0.6595981,0.038159728,4
-0.98525584,0.13493955,4
-0.5780202,-0.84716606,2
-0.39122427,0.8649353,4
-0.74765193,-0.9313749,2
0.59511054,-0.51331735,3
0.6908494,0.41649747,4
-0.7115742,-0.38059425,4
0.58038616,0.10326588,4
-0.17890024,0.7664304,4
0.37005877,-0.44906282,4
-0.6993735,0.62202656,4
-0.8527384,-0.23922575,4
-0.40079272,-0.7215061,2
-0.3143561,-0.46781707,4
0.52924275,-0.2837404,4
0.65482056,-0.14539385,4
-0.4053259,-0.67661357,4
0.6573384,0.027342558,4
0.08573234,0.41115034,1
-0.32566392,-0.04324305,1
-0.051785946,-0.58424616,4
0.8418391,-0.618209,3
0.3905679,0.180956,1
-0.5430113,0.85053277,4
0.35244906,-0.9718561,4
0.3706993,0.61904955,4
0.7619026,-0.9497191,4
-0.94296956,-0.6301079,4
-0.47381723,0.19664001,4
0.79899967,-0.46814787,3
-0.2954638,0.7482599,4
0.40748215,-0.8547815,3
-0.4846027,0.553373,3
0.51536834,-0.25997865,4
0.43507862,0.628091,2
-0.51206136,-0.476377,2
0.30308557,-0.6477642,4
-0.01858902,0.056239843,1
0.6347213,0.8046031,2
0.9922309,0.7517673,2
0.22457016,-0.59994113,4
0.9570781,-0.78532386,3
0.89741445,-0.44330192,4
-0.6749486,0.34020066,4
0.30337,-0.46295798,4
0.4345771,-0.5964594,3
-0.65953684,0.686321,3
-0.8152704,-0.59648514,2
0.33130658,0.43717277,4
0.2725159,0.86858463,4
0.96229684,-0.84727275,3
0.24640143,0.31720066,1
-0.85454595,-0.4998089,2
0.73818946,-0.26836658,4
0.7578975,0.56061447,2
-0.16313064,-0.02936554,4
0.7775643,-0.071341634,4
-0.707819,0.051558733,4
-0.3807149,-0.15767121,4
0.24926043,0.54058766,4
-0.013670921,-0.35712767,1
0.16738164,0.84345305,4
-0.46648717,0.3257029,4
-0.7893188,-0.53075576,2
-0.009418607,0.3674953,4
-0.49546742,-0.5922344,2
-0.48547888,0.12681174,4
-0.31329918,-0.7931223,4
0.20739055,-0.6196388,4
0.12759805,0.89111125,4
0.6323931,0.97639465,2
0.84867895,0.36778712,4
0.51177824,0.3682437,4
0.3125801,0.83445823,4
-0.90775526,0.92406404,3
-0.2215296,0.93827045,4
-0.6329298,-0.622558,2
-0.8205761,0.73625493,3
-0.18287194,0.32856858,1
-0.056610346,-0.14946365,1
-0.63698995,0.7386147,4
-0.6061686,0.8853643,3
0.7506232,-0.18305016,4
-0.7852285,-0.026545405,4
-0.17720175,0.31389892,1
0.6982349,-0.73725784,3
0.054704666,-0.119172335,1
0.26704264,-0.15934551,1
0.62398946,0.657251,2
0.11177802,0.87672865,4
-0.4298159,0.0933882,1
0.5906782,0.3031175,4
0.9892721,-0.6378554,3
-0.6204548,-0.9665792,2
0.9575182,0.91384685,2
-0.43971682,-0.08468652,1
-0.64710486,0.62904525,3
-0.93813276,-0.35654175,4
0.56571805,0.2538333,4
0.46556258,0.99301827,2
0.4519694,0.02194488,1
0.40444458,-0.5340011,3
0.6009731,0.687708,2
0.054166317,0.762962,4
0.32789123,-0.42904067,4
-0.59282935,0.26977217,4
-0.0074039698,0.8903916,4
0.83604336,-0.70119035,3
0.09428668,0.3575877,1
-0.8794671,0.17369533,4
0.48396862,-0.20522296,4
0.5125762,-0.46209753,3
-0.87951994,4.543066E-4,4
-0.33127117,0.18321049,1
0.006025076,-0.49217176,4
-0.25738847,-0.274374,1
-0.9763528,-0.97926295,2
-0.42772555,0.27456665,4
-0.99010634,-0.6395552,2
0.83260775,0.35992026,4
0.732319,-0.14472222,4
-0.91718423,0.7528112,3
-0.073158264,-0.03977096,1
0.5992271,-0.07822025,4
-0.60363245,-0.28239834,4
-0.8692869,0.31910706,4
